,Region,,Rower,Auto,Transport Miejski,Najkorzystniej
1,Kłopot,Czas,15,9.33333333333333,22,Samochód
,,Dystans,3.6,3.4,3.7
2,Słomińskiego 6A,Czas,17,10.3333333333333,17,Samochód
,,Dystans,3.9,3.7,3.9
3,Dzika 6,Czas,12,7.66666666666667,15,Samochód
,,Dystans,2.7,2.7,2.9
4,Inflancka 3,Czas,13,8.33333333333333,20,Samochód
,,Dystans,3,3,4.1
5,Karmelicka 21,Czas,11,6.33333333333333,14,Samochód
,,Dystans,2.2,2.2,2.4
6,Dubois 6,Czas,13,8.66666666666667,20,Samochód
,,Dystans,2.7,2.5,3.16666666666667
7,Karmelicka 14,Czas,9,6.33333333333333,13,Samochód
,,Dystans,2,2.1,2.4
8,Nowolipie 14,Czas,7,5.33333333333333,9,Samochód
,,Dystans,1.3,1.4,1.6
9,Nowolipie 2A,Czas,10,6.66666666666667,16.3333333333333,Samochód
,,Dystans,2.1,2.03333333333333,2.3
10,Szymanowska,Czas,15,11,22,Samochód
,,Dystans,3.5,4.03333333333333,4.26666666666667
11,Wałowa 7,Czas,11,8.33333333333333,18.3333333333333,Samochód
,,Dystans,2.6,2.5,3.46666666666667
12,Franciszkańska 7NA5,Czas,12,9.33333333333333,21,Samochód
,,Dystans,2.9,3,3.83333333333333
13,Wójtowska 5/7,Czas,14,11,21.6666666666667,Samochód
,,Dystans,3.4,3.83333333333333,4.23333333333333
14,Kotowski Palace,Czas,14,14.3333333333333,22.3333333333333,Rower
,,Dystans,3.6,4.13333333333333,4.13333333333333
15,Bugaj 3,Czas,11,13,18.6666666666667,Rower
,,Dystans,3,3.9,3.16666666666667
16,Miodowa 22/24,Czas,13,20.3333333333333,19.6666666666667,Rower
,,Dystans,3.1,2.8,3.56666666666667
17,Długa 28,Czas,10,14,17.3333333333333,Rower
,,Dystans,2.3,2.2,2.6
18,Długa 48,Czas,10,10,15,Rower
,,Dystans,2.3,2.13333333333333,2.76666666666667
19,Elektoralna 12A,Czas,6,4,8.33333333333333,Samochód
,,Dystans,1,1,1.26666666666667
20, 87A,Czas,7,5,13,Samochód
,,Dystans,1.3,1.3,1.66666666666667
21,Przechodnia 2,Czas,5,5,12.3333333333333,Rower
,,Dystans,1.1,1.53333333333333,1.63333333333333
22,Senatorska 32,Czas,8,7.66666666666667,21,Samochód
,,Dystans,1.9,2.13333333333333,1.6
23,Daniłowiczowska 9,Czas,9,8.66666666666667,15,Samochód
,,Dystans,2.2,2.36666666666667,2.63333333333333
24,Pałac Prymasowski w Warszawie,Czas,10,10.3333333333333,15.3333333333333,Rower
,,Dystans,2.4,2.73333333333333,2.73333333333333
25,plac Marszałka Józefa Piłsudskiego 1,Czas,8,7.66666666666667,11,Samochód
,,Dystans,2.2,1.9,2.26666666666667
26,Jana Moliera 2,Czas,9,9.33333333333333,14,Rower
,,Dystans,2.3,2.73333333333333,2.56666666666667
27,Aleksandra Fredry 2,Czas,7,9.33333333333333,12,Rower
,,Dystans,1.6,2.2,1.8
28,Canaletta 4,Czas,8,7.66666666666667,15.3333333333333,Samochód
,,Dystans,2,2.23333333333333,2.3
29,Grzybowska 22,Czas,4,3,8.66666666666667,Samochód
,,Dystans,0.7,0.7,0.866666666666667
30,Graniczna 2,Czas,5,4,8.66666666666667,Samochód
,,Dystans,1,0.9,1.03333333333333
31,Spektrum,Czas,4,4,5,Rower
,,Dystans,1,1,0.4
32,Bagno 2,Czas,5,6.33333333333333,6,Rower
,,Dystans,1.3,1.5,1.1
33,Plac Jana Henryka Dąbrowskiego 6,Czas,6,4.33333333333333,7,Samochód
,,Dystans,1.2,1.2,1.2
34,Tadeusza Czackiego 21/23,Czas,7,6,10.3333333333333,Samochód
,,Dystans,1.7,1.7,2.1
35,Warecka 8,Czas,7,6.66666666666667,7,Samochód
,,Dystans,1.5,1.5,1.8
36,Chmielna 9A,Czas,7,7.66666666666667,11.3333333333333,Rower
,,Dystans,1.7,1.7,2.1
37,Dobra 87,Czas,13,10,20.3333333333333,Samochód
,,Dystans,3.1,2.9,3.63333333333333
38,Dobra 68/70,Czas,12,10.6666666666667,18.6666666666667,Samochód
,,Dystans,2.7,3,3.66666666666667
39,Dobra 37-43,Czas,12,8.66666666666667,13,Samochód
,,Dystans,2.6,2.5,3.1
40,Szczygla 2942,Czas,8,7.33333333333333,10,Samochód
,,Dystans,2,2,2
41,Smolna 13,Czas,9,10.3333333333333,13,Rower
,,Dystans,2.3,2.6,2.3
42,Zbigniewa Herberta 12B,Czas,11,9,15,Samochód
,,Dystans,2.3,2.3,3.3
43,Wybrzeże Kościuszkowskie 35,Czas,13,10,10,Transport Publiczny
,,Dystans,2.9,2.9,2.9
44,Aleja 3 Maja 4,Czas,13,10.6666666666667,15,Samochód
,,Dystans,3,3,3.4
45,Nowogrodzka 53,Czas,8,4,14,Samochód
,,Dystans,1.8,1,2.1
46,Hoża 69,Czas,10,5,11,Samochód
,,Dystans,2.6,1.9,1.8
47,Nowogrodzka 49,Czas,7,7,12,Rower
,,Dystans,2,2,1.5
48,Żurawia 43,Czas,8,5.66666666666667,13,Samochód
,,Dystans,1.8,1.8,1.8
49,Wilcza 58A,Czas,11,4.33333333333333,12,Samochód
,,Dystans,2.3,1.7,2
50,Wilcza 42,Czas,9,5.66666666666667,15,Samochód
,,Dystans,2.4,1.9,2.2
51,Wilcza 26-28,Czas,8,6.66666666666667,17.6666666666667,Samochód
,,Dystans,2.3,2.26666666666667,2.23333333333333
52,Mokotowska 59-61,Czas,10,7.66666666666667,18.6666666666667,Samochód
,,Dystans,2.8,2.6,3.1
53,Witolda Wierzbickiego 722,Czas,12,4.66666666666667,12,Samochód
,,Dystans,2.6,1.7,1.9
54,Filtrowa 3,Czas,10,4.66666666666667,11,Samochód
,,Dystans,2.4,1.9,2.1
55,Nowowiejska 15/19,Czas,12,6.33333333333333,14,Samochód
,,Dystans,2.8,2.3,2.5
56,Lwowska 12,Czas,10,5,14.3333333333333,Samochód
,,Dystans,2.6,1.9,2.4
57,Nowowiejska 5-7,Czas,12,6,12,Samochód
,,Dystans,2.7,2.3,2.7
58,Mokotowska 6A,Czas,11,6.33333333333333,15,Samochód
,,Dystans,2.9,2.8,2.9
59,plac Konstytucji 2,Czas,9,7.66666666666667,15.6666666666667,Samochód
,,Dystans,2.5,2.3,2.7
60,aleja Róż 6,Czas,11,8.66666666666667,20.3333333333333,Samochód
,,Dystans,3,2.8,3.33333333333333
61,aleja Wyzwolenia 7-9,Czas,11,9,15,Samochód
,,Dystans,2.9,2.7,3
62,aleja Niepodległości 206,Czas,14,5,15.3333333333333,Samochód
,,Dystans,3.6,2.3,2.83333333333333
63,Waryńskiego 3,Czas,14,8.66666666666667,19,Samochód
,,Dystans,3.6,3.6,3.16666666666667
64,aleja Niepodległości 188,Czas,15,4.66666666666667,14,Samochód
,,Dystans,3.2,2.6,2.9
65,Polna 7,Czas,13,9,18,Samochód
,,Dystans,3.4,3.7,3.6
66,Litewska 8,Czas,12,9,18,Samochód
,,Dystans,3.3,3,3.2
67,aleja Jana Chrystiana Szucha 12A,Czas,17,10.3333333333333,23,Samochód
,,Dystans,4.3,3.3,4.2
68,Klonowa 1,Czas,17,8.33333333333333,22.3333333333333,Samochód
,,Dystans,4.4,3.9,4.2
69,Parkowa 23,Czas,20,11.6666666666667,27.3333333333333,Samochód
,,Dystans,4.6,5.1,4.46666666666667
70,Łazienkowska 6-8,Czas,18,8.66666666666667,19,Samochód
,,Dystans,4.4,5.5,4
71,Kawalerii 3,Czas,21,10.3333333333333,25,Samochód
,,Dystans,5.3,6.4,4.5
72,Zaruskiego 6,Czas,20,12,29.6666666666667,Samochód
,,Dystans,4.9,6.7,5.4
73,29 Listopada 3D,Czas,22,12.6666666666667,31,Samochód
,,Dystans,5.7,6.56666666666667,5.63333333333333
74,Bednarska 14,Czas,11,10.6666666666667,15,Samochód
,,Dystans,2.6,3,2.93333333333333
75,Juliana Bartoszewicza 9,Czas,7,6.33333333333333,8,Samochód
,,Dystans,1.7,1.7,1.8
76,wiadukt Stanisława Markiewicza,Czas,8,9.33333333333333,11,Rower
,,Dystans,2,2.7,2.13333333333333
77,Belwederska 25,Czas,19,9.33333333333333,19,Samochód
,,Dystans,4.7,4.7,5.1
78,aleja Stanisława Lorentza,Czas,13,11.6666666666667,16,Samochód
,,Dystans,2.5,6.9,2.43333333333333
79,Frascati 6,Czas,12,11.6666666666667,19,Samochód
,,Dystans,2.9,3.7,3.2
80,Jazdów 7,Czas,14,9.66666666666667,24,Samochód
,,Dystans,3.5,3.2,4
81,Okrąg 12A,Czas,15,11,19.6666666666667,Samochód
,,Dystans,3.4,3.53333333333333,3.3
82,Książęca 3,Czas,14,9.33333333333333,14,Samochód
,,Dystans,3.2,2.96666666666667,2.8
83,Cecylii Śniegockiej 2-4,Czas,16,9,19,Samochód
,,Dystans,3.9,5.3,3.6
84,Koźmińska 3-5,Czas,17,9.33333333333333,19,Samochód
,,Dystans,4.1,5.4,3.7
85,Pańska 7,Czas,3,4.33333333333333,4,Rower
,,Dystans,0.8,0.7,0.3
86,Sienna 24-34,Czas,3,3,5,Rower
,,Dystans,0.8,0.4,0.4
87,Złota 44/46,Czas,4,3,6.33333333333333,Samochód
,,Dystans,1,0.6,0.7
88,Aleje Jerozolimskie 54,Czas,4,4,8.66666666666667,Rower
,,Dystans,1.1,1,1.26666666666667
89,Dream in Warsaw,Czas,3,6.66666666666667,7,Rower
,,Dystans,0.6,2.13333333333333,0.9
90,plac Defilad 1,Czas,3,4.66666666666667,7,Rower
,,Dystans,0.8,0.8,0.9
91,Aleje Jerozolimskie 50,Czas,5,3.66666666666667,8.33333333333333,Samochód
,,Dystans,1.2,1.1,1.16666666666667
92,plac Defilad 1,Czas,4,6.33333333333333,8,Rower
,,Dystans,1.1,1.26666666666667,1.3
93,Żurawia 24,Czas,8,9.33333333333333,15.3333333333333,Rower
,,Dystans,2.2,2.2,2.2
94,Żurawia 4,Czas,9,10,15,Rower
,,Dystans,2.3,2.6,2.4
95,Jasna 10NA2,Czas,7,6.66666666666667,7,Samochód
,,Dystans,1.7,1.7,1.2
96,Chmielna 25-27,Czas,7,7,11,Rower
,,Dystans,1.7,1.83333333333333,1.6
97,Wybrzeże Gdyńskie 2,Czas,19,12,27,Samochód
,,Dystans,5,5.13333333333333,4.7
98,Krajewskiego 3/5,Czas,18,12,23.3333333333333,Samochód
,,Dystans,4.6,4.86666666666667,4.43333333333333
99,Jerzego Szaniawskiego 17,Czas,19,12.6666666666667,27,Samochód
,,Dystans,4.8,4.7,5.8
100,Brodzińskiego 26,Czas,18,11.3333333333333,20.6666666666667,Samochód
,,Dystans,4.3,4.5,4.26666666666667
101,Ludwika Mierosławskiego 29-31,Czas,18,11.3333333333333,24.3333333333333,Samochód
,,Dystans,4.5,4.5,4.9
102,Zajączka 21,Czas,18,10.6666666666667,22,Samochód
,,Dystans,4.4,4.2,4.4
103,Zajączka 9,Czas,17,10,22.3333333333333,Samochód
,,Dystans,3.9,4.06666666666667,4.3
104,Wybrzeże Gdyńskie 2B,Czas,26,12.6666666666667,35,Samochód
,,Dystans,6.5,7,8.3
105,Gwiaździsta 5D,Czas,26,16,35.3333333333333,Samochód
,,Dystans,6.5,6.5,6.4
106,Sułkowskiego 12,Czas,21,12.6666666666667,24,Samochód
,,Dystans,5.3,5.3,5.6
107,Mysłowicka 8NA0,Czas,22,14.6666666666667,29.3333333333333,Samochód
,,Dystans,5.5,5.8,5.96666666666667
108,Krasińskiego 1,Czas,23,13.3333333333333,30.3333333333333,Samochód
,,Dystans,5.8,5.8,6.23333333333333
109,Mickiewicza 33C,Czas,20,12.3333333333333,21,Samochód
,,Dystans,5.2,5,5.4
110,Filarecka 3,Czas,19,10.3333333333333,20.6666666666667,Samochód
,,Dystans,4.6,4.6,5.23333333333333
111,Harcerska,Czas,20,13,21,Samochód
,,Dystans,4.5,5.1,4.7
112,Szczepanowskiego,Czas,21,12.3333333333333,25,Samochód
,,Dystans,5.5,5.2,5.5
113,Kłodawska 56,Czas,19,11,23,Samochód
,,Dystans,4.9,4.9,5.66666666666667
114, 26,Czas,20,12.3333333333333,22,Samochód
,,Dystans,5.3,4.9,5.4
115,Sady Żoliborskie 7-9,Czas,18,10.6666666666667,21,Samochód
,,Dystans,4.4,4.4,4.7
116,Księdza Jerzego Popiełuszki 3A,Czas,16,10,18,Samochód
,,Dystans,4,3.9,4.1
117,Broniewskiego 21,Czas,20,12.3333333333333,22,Samochód
,,Dystans,5.1,5.1,5.4
118,Elbląska 45,Czas,19,12.3333333333333,26,Samochód
,,Dystans,4.7,4.8,5.7
119,Edwarda Jelinka 21,Czas,23,13.3333333333333,25,Samochód
,,Dystans,6,5.6,5.5
120,Mickiewicza 68,Czas,23,15.6666666666667,31.6666666666667,Samochód
,,Dystans,6,5.9,6.33333333333333
121,Gwiaździsta 13,Czas,24,15.3333333333333,36,Samochód
,,Dystans,6.3,6.3,6.96666666666667
122,Przasnyska 6C,Czas,19,12,26,Samochód
,,Dystans,5,4.9,5.1
123,Ludwika Rydygiera 13B,Czas,17,11,22,Samochód
,,Dystans,4.2,4.1,4.4
124,Anny German 5,Czas,17,11.6666666666667,21.3333333333333,Samochód
,,Dystans,4.1,4.1,4.4
125,Krasińskiego 59A,Czas,20,12.3333333333333,26,Samochód
,,Dystans,5.1,4.9,5.1
126,Duchnicka 3,Czas,18,10.6666666666667,27.6666666666667,Samochód
,,Dystans,4.8,3.7,4.7
127,Szamocka 5,Czas,18,11.3333333333333,33,Samochód
,,Dystans,4.4,4.3,5.83333333333333
128,Jędrusik 6,Czas,17,9.33333333333333,28,Samochód
,,Dystans,3.9,3.9,5
129,aleja Obrońców Grodna,Czas,20,10.3333333333333,32.6666666666667,Samochód
,,Dystans,5,5.1,6.1
130,Okopowa 78,Czas,10,7.66666666666667,16,Samochód
,,Dystans,2.6,2.6,3.2
131,Esperanto 20,Czas,10,8,17,Samochód
,,Dystans,2.4,2.5,2.7
132,Miła 27,Czas,9,6.33333333333333,14,Samochód
,,Dystans,2.2,2.1,2.4
133,Dzielna 17,Czas,8,8,17,Rower
,,Dystans,2.1,2.1,2.3
134,skwer Kardynała Stefana Wyszyńskiego 2-4,Czas,8,6.33333333333333,11,Samochód
,,Dystans,2,2,2.1
135,Nowolipki 21A,Czas,7,5.33333333333333,11,Samochód
,,Dystans,1.6,1.6,1.8
136,Syreny 11,Czas,14,11.3333333333333,21,Samochód
,,Dystans,3.8,4.1,4.2
137,Wawelberga 8,Czas,11,10,17.3333333333333,Samochód
,,Dystans,3,3.3,3.5
138,Karolkowa 64,Czas,10,7,16,Samochód
,,Dystans,2.4,2.5,2.8
139,Karolkowa 55,Czas,9,8,14,Samochód
,,Dystans,2.3,2.7,2.7
140,Gniewkowska,Czas,19,17,40.3333333333333,Samochód
,,Dystans,5.6,5.7,5.83333333333333
141,Tunelowa 2b,Czas,10,7,18,Samochód
,,Dystans,3,2.9,3.43333333333333
142,U19,Czas,8,8,13,Rower
,,Dystans,1.9,2.4,1.9
143,Chłodna 42-48,Czas,5,5,12.6666666666667,Rower
,,Dystans,1.3,1.4,1.7
144,Łucka 18-22,Czas,3,4,9,Rower
,,Dystans,0.8,1,1.5
145,Ogrodowa 9,Czas,4,4,9,Rower
,,Dystans,1.1,1.1,1.4
146,Krochmalna 32A,Czas,3,3.33333333333333,9,Rower
,,Dystans,0.7,0.7,0.7
147,Pereca 9,Czas,3,4,4,Rower
,,Dystans,0.6,0.9,0.4
148,Miedziana 9,Czas,4,5.66666666666667,11,Rower
,,Dystans,0.9,1.5,1.1
149,Miedziana 1,Czas,4,5.66666666666667,12,Rower
,,Dystans,1.1,1.3,1
150,Śliska 60,Czas,2,3,4,Rower
,,Dystans,0.3,0.5,0.3
151,Chmielna 108NA14,Czas,4,4,8,Rower
,,Dystans,1.1,1.2,0.7
152,Aleja Prymasa Tysiąclecia 102A,Czas,20,12,30.3333333333333,Samochód
,,Dystans,5.4,4.8,5
153,Ostroroga 35,Czas,15,9.66666666666667,24.3333333333333,Samochód
,,Dystans,4,4.2,4.73333333333333
154,Banderii 19,Czas,16,10,47,Samochód
,,Dystans,4.4,4.2,3.7
155,Kozielska 4A,Czas,18,11.6666666666667,33.6666666666667,Samochód
,,Dystans,4.4,4.4,5.6
156,Aleja Prymasa Tysiąclecia,Czas,19,10,NA,Samochód
,,Dystans,5.1,4.6,NA
157,Syreny 31,Czas,14,11,23.6666666666667,Samochód
,,Dystans,3.8,3.7,4.43333333333333
158,Leonarda 10,Czas,12,10,21.6666666666667,Samochód
,,Dystans,3.1,3.5,3.76666666666667
159,Burakowska 14NA6,Czas,13,8.33333333333333,17,Samochód
,,Dystans,3.1,3.5,3.3
160,Kolska 10NA2,Czas,14,9,19,Samochód
,,Dystans,3.5,3.6,3.5
161,Kolska 11,Czas,26,10,28,Samochód
,,Dystans,4,3.8,4.2
162,Mireckiego 84,Czas,10,8,19,Samochód
,,Dystans,2.5,2.8,3
163,Płocka 15,Czas,9,8,17,Samochód
,,Dystans,2.7,3.2,3.46666666666667
164,Wolska 91,Czas,13,9,18.3333333333333,Samochód
,,Dystans,3.2,3.5,3.83333333333333
165,Kasprzaka 44,Czas,8,7,14,Samochód
,,Dystans,2.4,2.5,2.56666666666667
166,Emanuela Szafarczyka 5,Czas,11,8.33333333333333,14.6666666666667,Samochód
,,Dystans,2.9,3.1,3.26666666666667
167,Młynarska 2,Czas,9,7,16,Samochód
,,Dystans,2.6,2.7,3.1
168,Giełdowa 4,Czas,8,8,13.3333333333333,Rower
,,Dystans,1.9,2.4,2.16666666666667
169,Jaktorowska 3,Czas,6,6.33333333333333,12,Rower
,,Dystans,1.7,1.9,1.83333333333333
170,Przyokopowa 26,Czas,5,6,7,Rower
,,Dystans,1.5,1.9,1.4
171,Prądzyńskiego 12/14,Czas,9,8,18.3333333333333,Samochód
,,Dystans,2.7,2.9,2.93333333333333
172,Kasprzaka 17,Czas,8,7,14,Samochód
,,Dystans,2.2,2.4,2.63333333333333
173,Prosta 69,Czas,6,6,13.6666666666667,Rower
,,Dystans,1.8,2,2.03333333333333
174,Dobrogniewa 3,Czas,23,12.3333333333333,36,Samochód
,,Dystans,6.3,5.3,6.43333333333333
175,Marynin,Czas,24,15.3333333333333,29.3333333333333,Samochód
,,Dystans,6.3,6.8,6.36666666666667
176,Andrychowska 1,Czas,22,13.3333333333333,27.3333333333333,Samochód
,,Dystans,5.7,5.8,5.86666666666667
177,Astronomów 10,Czas,22,14,22,Samochód
,,Dystans,5.3,6.2,5.46666666666667
178,Górczewska 62/64,Czas,16,13.3333333333333,28.3333333333333,Samochód
,,Dystans,4.4,5.1,5.46666666666667
179,Aleja Prymasa Tysiąclecia 74A,Czas,16,12,27.6666666666667,Samochód
,,Dystans,4.2,5,4.93333333333333
180,Magistracka 29,Czas,19,11,28.6666666666667,Samochód
,,Dystans,4.8,4.9,5.1
181,Olbrachta 94C,Czas,25,17,NA,Samochód
,,Dystans,6.3,7,NA
182,Strąkowa 8,Czas,23,14,28,Samochód
,,Dystans,5.8,6.3,7.3
183,Fort Wola 145,Czas,19,14,29,Samochód
,,Dystans,5.5,5.6,6.4
184,Fort Wola 2,Czas,19,15,23.3333333333333,Samochód
,,Dystans,5.4,5.6,6.03333333333333
185, 3A,Czas,20,12.6666666666667,19.3333333333333,Samochód
,,Dystans,4.8,4.9,4.76666666666667
186,Góralska 1,Czas,22,12.3333333333333,24,Samochód
,,Dystans,5.7,5.5,5.96666666666667
187,Przanowskiego 22,Czas,24,14.3333333333333,24.6666666666667,Samochód
,,Dystans,5.9,6.1,6.23333333333333
188,Kajetana Garbińskiego 2,Czas,20,12.6666666666667,20,Samochód
,,Dystans,4.7,4.8,4.63333333333333
189,Pustola 36B,Czas,22,12.6666666666667,27.3333333333333,Samochód
,,Dystans,6,5.3,5.7
190,Nakielska 4,Czas,22,11.3333333333333,27,Samochód
,,Dystans,4.9,4.8,5.6
191,Wolska 138/140,Czas,25,14,23.6666666666667,Samochód
,,Dystans,4.9,6.9,4.66666666666667
192,Górczewska 87,Czas,16,11.3333333333333,24.6666666666667,Samochód
,,Dystans,4,4.5,5.06666666666667
193,Aleja Prymasa Tysiąclecia 32,Czas,16,11.6666666666667,22.3333333333333,Samochód
,,Dystans,3.7,4.7,4.1
194,Wieluńska 12,Czas,16,11.3333333333333,21,Samochód
,,Dystans,4.1,3.9,4.5
195,Grabowska 1-3,Czas,14,10,17.3333333333333,Samochód
,,Dystans,3.6,3.7,3.73333333333333
196,Hubalczyków 64,Czas,17,11,24.6666666666667,Samochód
,,Dystans,5,5.2,5.66666666666667
197,Jana Kazimierza 32,Czas,14,10,21.6666666666667,Samochód
,,Dystans,4,4.2,4.36666666666667
198,Aleja Prymasa Tysiąclecia 81A/1,Czas,14,11,19.3333333333333,Samochód
,,Dystans,3.9,4.1,4.1
199,Nowogrodzka 75,Czas,7,6.66666666666667,16,Samochód
,,Dystans,1.9,2.13333333333333,1.66666666666667
200,Nowogrodzka 59,Czas,7,6,12.3333333333333,Samochód
,,Dystans,1.7,2.2,1.33333333333333
201,Koszykowa 81,Czas,9,5,19,Samochód
,,Dystans,1.7,2.2,2.5
202,Jana Dantyszka 6,Czas,10,7,18.5,Samochód
,,Dystans,2.4,2.8,2.85
203,Nowowiejska 26D,Czas,8,5,14,Samochód
,,Dystans,2,1.9,2.1
204,Mariana Langiewicza 31,Czas,9,5,14,Samochód
,,Dystans,2.2,2.2,2.4
205,Spiska 137,Czas,12,10,18,Samochód
,,Dystans,2.9,3.2,2.3
206,Szczęśliwicka 1,Czas,12,9,23,Samochód
,,Dystans,3,3,3.1
207,Kaliska 11,Czas,11,8.5,19,Samochód
,,Dystans,2.8,2.9,2.65
208,Tarczyńska 22,Czas,8,7,17,Samochód
,,Dystans,2.1,2.2,2.2
209,Uniwersytecka 8,Czas,10,7.5,19,Samochód
,,Dystans,2.6,2.6,2.65
210,Aleje Jerozolimskie 144,Czas,15,11,22.5,Samochód
,,Dystans,4.5,4.7,3.85
211,Józefa Szujskiego,Czas,19,12,22,Samochód
,,Dystans,4.7,3.8,3.8
212,Częstochowska 40,Czas,19,10,24.5,Samochód
,,Dystans,5.7,3.6,3.6
213,Baśniowa 5,Czas,19,10.5,23,Samochód
,,Dystans,5.6,4.35,3.45
214,Ludwika Pasteura 8,Czas,13,9.5,21,Samochód
,,Dystans,3.3,3.6,3
215,Wolnej Wszechnicy 8,Czas,13,10,23.5,Samochód
,,Dystans,3.5,3.5,3.65
216,Ilji Miecznikowa 1,Czas,12,8,24,Samochód
,,Dystans,3.1,3.5,3.45
217,Prof. Banacha 2B,Czas,13,9,25.5,Samochód
,,Dystans,3.4,3.8,4.1
218,Aleje Jerozolimskie 148,Czas,22,14,26,Samochód
,,Dystans,6,5.9,5.45
219,Włochowska 25/33,Czas,22,14.5,33.5,Samochód
,,Dystans,6.3,7,7
220,Metrykantów,Czas,17,10.5,28,Samochód
,,Dystans,4.3,4.8,4.3
221,Żwirki i Wigury 63A,Czas,14,10,28,Samochód
,,Dystans,3.9,4.3,4.3
222,Walentego Majewskiego Skorochód 15,Czas,23,12,28,Samochód
,,Dystans,6.4,4.5,4.6
223,Mariana Nowickiego 10,Czas,17,11,29,Samochód
,,Dystans,4.5,4.8,4.7
224,Mołdawska 13,Czas,17,11,28.5,Samochód
,,Dystans,4.8,5.2,5.25
225,Walentego Majewskiego Skorochód 14,Czas,17,11,27,Samochód
,,Dystans,4.5,5,4.2
226,Racławicka 152,Czas,25,12,33,Samochód
,,Dystans,7.2,5.4,5.4
227,Jankowska 2,Czas,19,12,31,Samochód
,,Dystans,5.6,5.9,5.5
228,Rokitnicka 14,Czas,13,8,25,Samochód
,,Dystans,3.7,3.9,3.5
229,Leszowa 2,Czas,15,6,16,Samochód
,,Dystans,3.5,2.5,2.7
230,aleja Bohaterów Września 6/12,Czas,18,12.5,31,Samochód
,,Dystans,4.7,5.1,5
231,Piotrkowska 13,Czas,20,12,25,Samochód
,,Dystans,5.5,4.9,4.1
232,Stanisława Skarżyńskiego 6-8,Czas,22,12,25,Samochód
,,Dystans,6.3,4.7,4.1
233,Urbanistów 6,Czas,21,11.5,26,Samochód
,,Dystans,6,4.7,4.4
234,Kurhan 12,Czas,19,12,26,Samochód
,,Dystans,5.3,5.4,5.35
235,Drawska 14C,Czas,23,14.5,36,Samochód
,,Dystans,6.6,6.3,6.1
236,Harfowa 4,Czas,23,12.5,31,Samochód
,,Dystans,6.5,5.7,5.2
237,Rakowiecka 30a,Czas,17,9,20,Samochód
,,Dystans,4.8,3.7,3.7
238,Rakowiecka 22C,Czas,16,8,14,Samochód
,,Dystans,3.9,3.4,3.3
239,Rakowiecka 4/6,Czas,17,8.5,24,Samochód
,,Dystans,4.5,3.5,3.8
240,Ludwika Narbutta 84,Czas,18,8.5,20,Samochód
,,Dystans,4.9,4.1,4.4
241,Opoczyńska 2-4,Czas,18,8,19,Samochód
,,Dystans,4,3.5,3.9
242,Ludwika Narbutta 44,Czas,17,8.5,20.5,Samochód
,,Dystans,4.1,3.6,3.8
243,Ludwika Narbutta 16,Czas,18,9,25,Samochód
,,Dystans,4.8,4,4.1
244,Puławska 7/9,Czas,14,8.5,20,Samochód
,,Dystans,3.6,3.7,3.6
245,Chocimska 7,Czas,23,10,20,Samochód
,,Dystans,6.1,4.2,4.2
246,Morskie Oko 1,Czas,24,10,22,Samochód
,,Dystans,5.9,4.4,4.8
247,Grottgera 16NA8,Czas,23,15,22,Samochód
,,Dystans,5.5,6.1,5.3
248,Padewska 20-22,Czas,23,12.5,27,Samochód
,,Dystans,5.8,5.4,5.3
249,Dąbrowskiego 79,Czas,21,10.5,21,Samochód
,,Dystans,5.6,4.7,5
250,Wiktorska 73,Czas,22,12.5,21,Samochód
,,Dystans,5.3,4.8,5
251,Wiktorska 33,Czas,19,8,20.5,Samochód
,,Dystans,4.7,4.2,4.95
252,Odolańska 15NA7,Czas,20,10,24,Samochód
,,Dystans,5,4.5,4.8
253,Jazgarzewska 9,Czas,25,13,29,Samochód
,,Dystans,6.4,5.6,6.3
254,Stanisława Kierbedzia 8/10,Czas,29,14.5,35,Samochód
,,Dystans,7.6,7,6.75
255,Beethovena 704,Czas,26,11.5,36,Samochód
,,Dystans,6.8,6.2,7
256,Piwarskiego 9NA1,Czas,25,13,31,Samochód
,,Dystans,6.1,5.8,5.5
257,Racławicka 99A,Czas,20,12,24,Samochód
,,Dystans,5.8,5.7,5.6
258,Jana Maklakiewicza 11,Czas,21,14,33,Samochód
,,Dystans,6,6.4,6.7
259,Bełska 24,Czas,22,12.5,26,Samochód
,,Dystans,6.5,6,6.1
260,Jana Bytnara „Rudego” 21,Czas,23,11.5,25,Samochód
,,Dystans,6.2,5.4,5.7
261,Mahatmy Gandhiego 5,Czas,22,11,23.5,Samochód
,,Dystans,5.3,5,5.45
262,Bukietowa 6,Czas,23,11,25,Samochód
,,Dystans,5.7,5.4,6.05
263,Seweryna Goszczyńskiego 19A,Czas,21,10,22,Samochód
,,Dystans,5.2,4.7,4.8
264,Aleksandra Wejnerta 13,Czas,22,11,22,Samochód
,,Dystans,5.7,5.2,6
265,Tyniecka 25,Czas,22,10,27,Samochód
,,Dystans,5.8,5.3,5.5
266,Dominika Merliniego 6,Czas,29,13,29,Samochód
,,Dystans,7.4,6,5.9
267,Wojciecha Żywnego 21,Czas,28,13.5,28,Samochód
,,Dystans,7.2,5.9,6.4
268,Jaworowska 7C,Czas,28,16,36,Samochód
,,Dystans,7.1,6.8,6.6
269,Pejzażowa 12,Czas,33,12,28,Samochód
,,Dystans,8.7,6.5,7.6
270,Wielicka 1,Czas,24,11,26,Samochód
,,Dystans,6.3,5.5,6
271,Wielicka 31,Czas,24,11,28,Samochód
,,Dystans,6.5,6,6.5
272,Czarnomorska 3,Czas,32,15,28,Samochód
,,Dystans,8.3,10,8.1
273,Santocka 10,Czas,36,17,41,Samochód
,,Dystans,9.8,10.3,9.85
274,Augustówka,Czas,44,19,55,Samochód
,,Dystans,12,11.9,11.2
275,Nicejska 1,Czas,35,17,36,Samochód
,,Dystans,9.2,8.5,10.1
276,Capri 4,Czas,35,18,39,Samochód
,,Dystans,9.2,9.1,9.15
277,Morszyńska 55,Czas,35,17,39.5,Samochód
,,Dystans,9.1,10.7,8.8
278,Korzenna 14,Czas,41,18,48,Samochód
,,Dystans,11.2,11.7,10.1
279,Augustówka,Czas,39,17,43,Samochód
,,Dystans,10.3,10.7,9.2
280,Grzegorza Piramowicza 24,Czas,36,27,48.5,Samochód
,,Dystans,10,13.6,10.05
281,Magazynowa 9,Czas,25,13,28,Samochód
,,Dystans,6.9,6.3,6.2
282,Wynalazek 1,Czas,27,14,35,Samochód
,,Dystans,8.1,8.1,8.2
283,Postępu 14B,Czas,28,16.5,40,Samochód
,,Dystans,8.4,8.9,8.8
284,Cybernetyki 7C,Czas,30,16.5,41.5,Samochód
,,Dystans,8.8,7.6,8.95
285,Komputerowa 787,Czas,30,18,44,Samochód
,,Dystans,9.3,9.7,9.4
286,Antoniego Uniechowskiego 154,Czas,27,13,36.5,Samochód
,,Dystans,7.5,6.9,7.8
287,Stefana Pieńkowskiego 5A,Czas,31,14.5,33,Samochód
,,Dystans,8.4,8,7.6
288,Śniardwy 4,Czas,31,16.5,35.5,Samochód
,,Dystans,8.4,7.5,8.35
289,Gotarda 7,Czas,32,15,31,Samochód
,,Dystans,8.6,9.3,8
290,Przemysława Gintrowskiego 19,Czas,34,15,38,Samochód
,,Dystans,9.3,8.6,8.75
291,Skrzetuskiego 17A,Czas,36,12,27,Samochód
,,Dystans,9.4,6.9,8.9
292,Niedźwiedzia 3,Czas,37,14,27,Samochód
,,Dystans,10,7.3,9
293,Jana Sebastiana Bacha 22,Czas,41,14.5,31,Samochód
,,Dystans,11.2,7.8,9.2
294,Stanisława Żaryna 7,Czas,15,9,21,Samochód
,,Dystans,4.4,4,4.3
295,Racławicka 132B,Czas,18,10,29,Samochód
,,Dystans,5,5.4,5.2
296,Wołoska 137,Czas,20,11,22,Samochód
,,Dystans,5.9,5,5
297,Żwirki i Wigury 24,Czas,14,9,25,Samochód
,,Dystans,4.1,4.5,4.3
298,Rejsu 4,Czas,18,13,34,Samochód
,,Dystans,5.5,5.9,5.7
299,Iwicka 40,Czas,23,13,27,Samochód
,,Dystans,6,5.5,5.3
300,Nabielaka 9,Czas,22,10.5,22,Samochód
,,Dystans,5.5,4.9,5.7
301,Nowotarska,Czas,23,11.5,30,Samochód
,,Dystans,5.9,5.3,5.4
302,Czerska 14,Czas,24,12,32.5,Samochód
,,Dystans,6.2,5.7,7.05
303,Jacka Kaczmarskiego 59,Czas,25,12,29,Samochód
,,Dystans,6.3,5.8,6.6
304,Sportowa,Czas,24,11,25.5,Samochód
,,Dystans,6.2,5.7,6.35
305,Edwarda Abramowskiego 31,Czas,26,12,27,Samochód
,,Dystans,6.7,6.6,6.4
306,Stefana Bryły 6,Czas,29,15,28,Samochód
,,Dystans,7.4,7.4,6.5
307,Aleja Wilanowska 368A,Czas,27,13.5,27,Samochód
,,Dystans,7,6.7,7.15
308,Irysowa 28,Czas,29,14,30.5,Samochód
,,Dystans,7.3,7.6,7.85
309,Smyczkowa 11,Czas,32,15,34,Samochód
,,Dystans,8.3,8.1,8.7
310,Racjonalizacji 10,Czas,23,13.5,32,Samochód
,,Dystans,6.5,6.5,6.7
311,Konstruktorska 4,Czas,24,13.5,32.5,Samochód
,,Dystans,6.8,6.7,6.8
312,Marynarska 12,Czas,27,16,37.5,Samochód
,,Dystans,7.7,8.6,8
313,Wołoska 5,Czas,27,14.5,36.5,Samochód
,,Dystans,7.4,6.6,8.2
314,Jana Sebastiana Bacha 10A,Czas,38,17,31,Samochód
,,Dystans,10.1,8.3,9.2
315,Nowoursynowska 216,Czas,37,15,33.5,Samochód
,,Dystans,10.2,7.9,9.5
316,Zwierzyniecka 10,Czas,27,11,29.5,Samochód
,,Dystans,7.2,6.7,7.15
317,Ulica Bartycka 26,Czas,27,11,34.5,Samochód
,,Dystans,7,7.2,6.8
318,Niewielka 29A,Czas,28,12.5,37,Samochód
,,Dystans,7.4,7.6,6.4
319,Figowa 11NA3,Czas,31,13,35,Samochód
,,Dystans,8.4,8,6.8
320,Czerniaków,Czas,26,11,34,Samochód
,,Dystans,6.8,6.9,6.55
321,Ulica Bartycka 7,Czas,29,13,36,Samochód
,,Dystans,7.7,7.8,7.35
322,Czerniakowska 30,Czas,28,14,35,Samochód
,,Dystans,7.4,7.6,6.2
323,aleja Polski Walczącej,Czas,35,12,40,Samochód
,,Dystans,7.8,8.6,6.9
324,Nadrzeczna 4,Czas,33,13,39.5,Samochód
,,Dystans,9.1,8.6,8.45
325,Polska 17A,Czas,33,13.5,36,Samochód
,,Dystans,9,9,7.8
326,Bukowa 10,Czas,31,15.5,34,Samochód
,,Dystans,8.1,7.5,7.1
327,Jaśminowa 1B,Czas,33,17,32,Samochód
,,Dystans,8.8,8.2,8.4
328,Inspektowa 3,Czas,30,16.5,35,Samochód
,,Dystans,7.7,7.5,8.7
329,Potoki 6E,Czas,35,14.5,36,Samochód
,,Dystans,9.6,7.7,8.9
330,Zawrat 2A,Czas,30,12.5,28,Samochód
,,Dystans,8,6.3,6.7
331,Czerniaków,Czas,33,21,43,Samochód
,,Dystans,8.9,11.1,9.15
332,Bernardyńska 17b,Czas,32,15,38,Samochód
,,Dystans,8.4,9.1,7.6
333,Rabczańska 2-4,Czas,37,16,38,Samochód
,,Dystans,9.7,10,9.1
334,Kazimierza Kuratowskiego 5,Czas,37,17,38,Samochód
,,Dystans,10.1,8.9,10.3
335,Piekałkiewicza 5,Czas,31,14,38.5,Samochód
,,Dystans,7.6,7,8.65
336,Korczyńska 6A,Czas,31,14,32,Samochód
,,Dystans,7.8,9.4,7.1
337,Konstancińska 5B,Czas,32,17,35,Samochód
,,Dystans,8.4,10.2,7.7
338,aleja Zieleniecka 6,Czas,18,12.5,18,Samochód
,,Dystans,4.4,4.2,4.6
339,Walecznych 40,Czas,18,10.5,25.5,Samochód
,,Dystans,4.9,7.1,5.15
340,Zakopiańska 5-7,Czas,23,10.5,29,Samochód
,,Dystans,5.8,6.5,5.95
341,Katowicka 22-24,Czas,22,11.5,27,Samochód
,,Dystans,5.2,6.8,4.8
342,Wandy,Czas,24,12,27,Samochód
,,Dystans,5.9,7,6
343,Walecznych 66,Czas,21,10.5,25,Samochód
,,Dystans,5.6,7.5,5.3
344,Międzynarodowa 36,Czas,26,8.5,25,Samochód
,,Dystans,6.4,6.7,5.9
345,Afrykańska 14E,Czas,28,12.5,30.5,Samochód
,,Dystans,6.9,7.8,6.8
346,Brukselska 38-44,Czas,24,10,30,Samochód
,,Dystans,5.7,6.7,6.35
347,Algierska 25,Czas,28,11,31,Samochód
,,Dystans,7,7.4,6.9
348,Lubelska 90,Czas,22,15,21,Samochód
,,Dystans,5.3,5.1,4.8
349,Żupnicza 17,Czas,26,18.5,28,Samochód
,,Dystans,6.5,6.4,6.3
350,Owsiana 1,Czas,26,16,28.5,Samochód
,,Dystans,6.5,6.2,7.15
351,Praga Południe,Czas,35,18.5,39.5,Samochód
,,Dystans,9.7,11.2,10.1
352,Ludwika Kickiego 19-21,Czas,28,14,33.5,Samochód
,,Dystans,7.1,9.6,8.15
353,Ludwika Kickiego 14,Czas,27,13.5,32,Samochód
,,Dystans,7,9.2,7.3
354,Szklanych Domów 5B,Czas,31,16.5,38.5,Samochód
,,Dystans,8.2,10.3,9.8
355,Prochowa 9/11,Czas,29,13.5,35.5,Samochód
,,Dystans,7.6,9.2,8
356,Osowska 81,Czas,30,14.5,34,Samochód
,,Dystans,8,9.5,7.6
357,Szaserów 128,Czas,29,15.5,36,Samochód
,,Dystans,7.6,9.8,9.1
358,Hetmańska 24-26,Czas,34,16,35.5,Samochód
,,Dystans,9.2,10.6,9.05
359,Łysogórska 1,Czas,35,17,39,Samochód
,,Dystans,9.7,11.1,9.7
360,Stanisława Augusta 34,Czas,22,12,28,Samochód
,,Dystans,6.2,8.7,6.05
361,Dobrowoja 12NA4,Czas,23,13,26.5,Samochód
,,Dystans,6.7,9,6.5
362,Aleja Stanów Zjednoczonych 63,Czas,32,11,29,Samochód
,,Dystans,8.2,8.4,6.8
363,Wąwolnicka 5,Czas,31,12,32,Samochód
,,Dystans,7.8,8.3,6.45
364,Kinowa 12,Czas,31,9,31.5,Samochód
,,Dystans,7.9,7.8,6.4
365,Krypska 24,Czas,34,12,35,Samochód
,,Dystans,8.4,8.9,7.3
366,Żołnierzy I Praskiego Pułku WP 3-5,Czas,32,10,32,Samochód
,,Dystans,7.9,7.9,8.15
367,Omulewska 25,Czas,36,13,35,Samochód
,,Dystans,9.4,9.3,7.9
368,Białowieska 17NA9,Czas,35,11,33,Samochód
,,Dystans,8.8,8.8,8.5
369,Jarocińska 11NA3,Czas,37,14,37,Samochód
,,Dystans,9.8,9.9,9.45
370,Tarnowiecka 4,Czas,37,14,34,Samochód
,,Dystans,9.4,10,9.7
371,Jubilerska 6E,Czas,39,13,40,Samochód
,,Dystans,10.3,10.4,10.05
372,Zarośla 8,Czas,41,15.5,37.5,Samochód
,,Dystans,10.7,11.3,11
373,Poligonowa 10,Czas,32,11,33,Samochód
,,Dystans,8.2,8.6,9.2
374,Jana Nowaka-Jeziorańskiego 28,Czas,33,13,36.5,Samochód
,,Dystans,8.7,9.1,10.1
375,Perkuna 72,Czas,35,13,37,Samochód
,,Dystans,9.1,9.2,9.4
376,Ostrobramska 75,Czas,39,14,38,Samochód
,,Dystans,10.3,10.3,9.9
377,gen. Stanisława Skalskiego 1,Czas,29,12.5,30.5,Samochód
,,Dystans,7.3,8.2,7.3
378,Awionetki RWD 3,Czas,31,14.5,36,Samochód
,,Dystans,8.1,9.3,7.95
379,Tadeusza Rechniewskiego 11,Czas,37,15,40,Samochód
,,Dystans,10,10.2,10.1
380,Tadeusza Rechniewskiego 3,Czas,36,15.5,36.5,Samochód
,,Dystans,9.5,10.1,8.95
381,Bora-Komorowskiego 10A,Czas,35,15,31,Samochód
,,Dystans,9,9.7,8.1
382,Janusza Meissnera 8A,Czas,31,14,33,Samochód
,,Dystans,8,9,8
383,21 Pułku Piechoty Dzieci Warszawy 1,Czas,30,13,33,Samochód
,,Dystans,7.8,9.1,7.5
384,Brygady Pościgowej 6A,Czas,33,15,37.5,Samochód
,,Dystans,8.7,9,8.7
385,Tadeusza Manteuffla 7,Czas,33,14,39.5,Samochód
,,Dystans,8.7,9,9.4
386,Naddnieprzańska 2,Czas,37,15.5,40.5,Samochód
,,Dystans,10.4,12,10.1
387,DW637 365,Czas,22,14,20,Samochód
,,Dystans,5.1,10.7,4.7
388,Międzynarodowa 2,Czas,18,13,27,Samochód
,,Dystans,5,8.1,5.05
389,Rusznikarska 4,Czas,33,16.5,38,Samochód
,,Dystans,8.7,10.7,9.75
390,Serocka 17NA9,Czas,31,15,35,Samochód
,,Dystans,8.4,9.9,8.15
391,Wybrzeże Helskie 1/5,Czas,19,12,22,Samochód
,,Dystans,4.6,5.3,4.8
392,Księdza Ignacego Kłopotowskiego 4,Czas,19,11,18,Samochód
,,Dystans,4.6,4.4,4.5
393,Zamoyskiego 2,Czas,20,12.5,18,Samochód
,,Dystans,4.9,4.7,4.6
394,Floriańska 6,Czas,21,11,17,Samochód
,,Dystans,5.1,4.4,5.3
395,Jagiellońska 3-5,Czas,19,11.5,16,Samochód
,,Dystans,4.6,4.4,4.4
396,Józefa Nusbauma 23,Czas,22,14,27.5,Samochód
,,Dystans,5.4,5.4,6.25
397,Bertolta Brechta 8,Czas,21,15,21.5,Samochód
,,Dystans,5,5.7,5.4
398,Namysłowska 6A,Czas,23,15,27,Samochód
,,Dystans,6,6.9,6.3
399,11 Listopada 4,Czas,20,14,14,Transport Publiczny
,,Dystans,4.5,5,5.1
400,Bródnowska 6NA2,Czas,22,15,21,Samochód
,,Dystans,5.7,6.8,6.2
401,Mała 10,Czas,20,14,19.5,Samochód
,,Dystans,4.9,5,5.4
402,Równa 2,Czas,21,14.5,22,Samochód
,,Dystans,5.4,5.6,5.85
403,Białostocka 3,Czas,20,14.5,12,Transport Publiczny
,,Dystans,4.5,4.6,5
404,Brzeska 14NA6,Czas,22,16,18,Samochód
,,Dystans,5.2,5.25,5.5
405,Białostocka 36,Czas,22,15.5,21,Samochód
,,Dystans,5.3,5.65,5.7
406,Kijowska 11,Czas,22,15,19.5,Samochód
,,Dystans,5.4,5.4,6
407,Siedlecka 40-54,Czas,27,19,32,Samochód
,,Dystans,6.8,6.4,7.6
408,Jagiellońska 80,Czas,25,15.5,31,Samochód
,,Dystans,6.3,6.85,7.15
409,Poborzańska 4,Czas,34,17.5,39.5,Samochód
,,Dystans,9.4,9.4,9.3
410,Pelcowizna,Czas,32,19,49,Samochód
,,Dystans,8.6,8.7,9.9
411,Strzelecka 48A,Czas,24,15,25.5,Samochód
,,Dystans,5.8,5.8,6.3
412,Stalowa 60/64,Czas,25,15,21,Samochód
,,Dystans,6.1,6.1,6.3
413,Zabłocińska 4-6,Czas,23,12,26,Samochód
,,Dystans,5.9,6,6.75
414,Łomiańska 9NA1,Czas,24,14,32,Samochód
,,Dystans,5.9,5.8,7
415,Gwiaździsta 33,Czas,26,17,36,Samochód
,,Dystans,7.1,8.4,7.6
416,Gwiaździsta 44,Czas,27,13.5,41.5,Samochód
,,Dystans,7.3,8.1,8.4
417,Karska 13,Czas,29,15,32,Samochód
,,Dystans,7.6,7.2,8.25
418,Podczaszyńskiego 14,Czas,27,13,25,Samochód
,,Dystans,6.8,6.3,6.6
419,Rydla 67,Czas,28,15,32,Samochód
,,Dystans,7.6,7.1,6.9
420,Staffa 17-21,Czas,24,12,26,Samochód
,,Dystans,6.2,6,7.4
421,Magiera 7,Czas,25,15,26,Samochód
,,Dystans,6.6,6.1,6.1
422,Broniewskiego 97,Czas,29,16.5,31,Samochód
,,Dystans,7.8,6.9,6.9
423,Broniewskiego 64,Czas,29,15,28,Samochód
,,Dystans,7.1,6.1,6.6
424, 3A,Czas,25,15.5,32,Samochód
,,Dystans,6.4,6.5,7
425,Kochanowskiego 13,Czas,23,15,32,Samochód
,,Dystans,5.7,6.3,6.3
426,Wrzeciono 32,Czas,33,16,33,Samochód
,,Dystans,8.8,8.4,9
427,Wrzeciono 50,Czas,30,15,32,Samochód
,,Dystans,8.1,7.7,8
428,Wrzeciono 16,Czas,34,16.5,30,Samochód
,,Dystans,9.2,8.8,10.1
429,Wrzeciono 4-6,Czas,33,16,30,Samochód
,,Dystans,8.7,8.2,9.2
430,Dantego 7,Czas,34,16,28,Samochód
,,Dystans,9.1,8,9
431,Kaliszówka 17A,Czas,36,17.5,30,Samochód
,,Dystans,9.5,8.6,10
432,Sándora Petöfiego 7,Czas,34,18,33,Samochód
,,Dystans,8.8,8.6,8.5
433,Andersena 6,Czas,32,17,32,Samochód
,,Dystans,8.4,7.7,7.9
434,Bogusławskiego 12A,Czas,34,19,39,Samochód
,,Dystans,8.8,8.7,9.2
435,Conrada 10A,Czas,31,17,36,Samochód
,,Dystans,8.1,7.7,8.2
436,Mistrzowska 15,Czas,30,16,41,Samochód
,,Dystans,7.7,7.5,9.05
437,Bajana 26,Czas,29,16,31,Samochód
,,Dystans,7.5,7.4,7.5
438,Gotycka 55,Czas,32,17,30,Samochód
,,Dystans,8.4,8.4,8
439,Marymoncka 34,Czas,27,16,35,Samochód
,,Dystans,6.9,7.2,7.6
440,Dewajtis 3[13],Czas,34,19,41,Samochód
,,Dystans,9.6,8.5,8.8
441,Dewajtis 3,Czas,32,16,35,Samochód
,,Dystans,9.1,8.1,8.3
442,Farysa 43,Czas,38,17.5,45,Samochód
,,Dystans,11,12.4,10.8
443,Królowej Jadwigi 9,Czas,38,18,45,Samochód
,,Dystans,10.8,13.2,11.8
444,Unnamed Road,Czas,37,20,39,Samochód
,,Dystans,10,9.6,10.45
445,Wólczyńska 307C,Czas,44,22,52.5,Samochód
,,Dystans,12.1,11.9,14.45
446,Arkuszowa 2,Czas,35,18,38,Samochód
,,Dystans,9.3,9.1,9.1
447,Arkuszowa 143B,Czas,38,21,44,Samochód
,,Dystans,10.5,10.8,11.1
448,Andromedy 26,Czas,34,22,48.5,Samochód
,,Dystans,9.1,10.4,10.85
449,Unnamed Road,Czas,41,24,52.5,Samochód
,,Dystans,11.3,11.3,11.7
450,Opłotek 4,Czas,46,30.5,70,Samochód
,,Dystans,12.9,12.5,13.3
451,Dziekanowska 107,Czas,46,25,62,Samochód
,,Dystans,13.1,13.1,15.45
452,Żubrowa 37,Czas,44,21,57,Samochód
,,Dystans,12.6,14.3,12
453,Efraima Schroegera 81,Czas,29,15,30,Samochód
,,Dystans,7.6,7.1,8.4
454,Efraima Schroegera 6,Czas,27,14,28,Samochód
,,Dystans,6.8,6.4,7.6
455,Sosnowiecka 24,Czas,31,17.5,38,Samochód
,,Dystans,8.2,8.2,11
456,Kawy 20,Czas,31,18,38,Samochód
,,Dystans,7.8,8.1,11
457,Pirenejska 3A,Czas,34,18.5,34,Samochód
,,Dystans,10,8.7,9.1
458,gen. Witolda Urbanowicza 57,Czas,42,22,53.5,Samochód
,,Dystans,12.4,10.5,11.75
459,Deyny 66,Czas,33,16,34,Samochód
,,Dystans,9.4,10,8.6
460,Górczewska 220,Czas,29,18.5,34,Samochód
,,Dystans,8.6,10.8,9.1
461,Narwik 11,Czas,33,15,35,Samochód
,,Dystans,9.5,9.7,8.7
462,Zaborowska 4-6,Czas,30,19.5,30.5,Samochód
,,Dystans,7.4,8.1,7.15
463,Szobera 3B,Czas,33,18,35.5,Samochód
,,Dystans,9.4,10.5,9.4
464,Waleriana Czumy 12A,Czas,29,20,31,Samochód
,,Dystans,8.1,8.8,7.65
465,Konarskiego 84,Czas,28,18,26,Samochód
,,Dystans,7,8.4,7
466,Piastów Śląskich,Czas,27,15.5,40,Samochód
,,Dystans,7.3,7.2,11.6
467,Żółwia 1A,Czas,28,18,43,Samochód
,,Dystans,7.3,8,8.6
468,Waldorffa 43,Czas,27,15,37.5,Samochód
,,Dystans,7.5,6.5,7.1
469,Obrońców Tobruku 20,Czas,23,12.5,37,Samochód
,,Dystans,6,5.7,7.75
470,Obrońców Tobruku 28,Czas,25,13.5,36,Samochód
,,Dystans,6.7,6.4,7.9
471,Dostępna 38A,Czas,38,19.5,42,Samochód
,,Dystans,11.1,9.4,10.1
472,gen. Witolda Urbanowicza 2b,Czas,38,17,42,Samochód
,,Dystans,10.7,10.4,9.9
473,Dywizjonu 303 143A,Czas,32,17.5,34,Samochód
,,Dystans,9.4,10.2,8.7
474,Wolfkego 12,Czas,28,16.5,38,Samochód
,,Dystans,7.5,7.2,10.2
475,Czerwonych Maków 3,Czas,31,19.5,35.5,Samochód
,,Dystans,8.2,8.6,9.35
476,Rosy Bailly 11,Czas,30,18,38,Samochód
,,Dystans,8.1,7.7,10.2
477,Zeusa 47,Czas,32,17,31,Samochód
,,Dystans,9.3,8,8.9
478,Wrocławska 1,Czas,31,14.5,32,Samochód
,,Dystans,7.9,7.4,8.5
479,Antoniego Kocjana 37,Czas,40,19,52.5,Samochód
,,Dystans,11.6,11.5,11
480,Przy Fosie 1436,Czas,37,17.5,46.5,Samochód
,,Dystans,10.6,10.5,9.85
481,Galileusza 9,Czas,40,20,47,Samochód
,,Dystans,11.8,11.4,10.6
482,Kazimierza Wyki 2E,Czas,27,18,38.5,Samochód
,,Dystans,7.9,8.3,9.6
483,Muszlowa 1,Czas,25,17,32,Samochód
,,Dystans,7.4,7.6,8.6
484,Strąkowa 35-37,Czas,26,15,33,Samochód
,,Dystans,7.4,6.8,8.6
485,Rozłogi 11,Czas,28,18,37.5,Samochód
,,Dystans,8.1,8.3,8.55
486,Sternicza 131,Czas,29,17,32.5,Samochód
,,Dystans,8,8.1,8.25
487,Puszczy Solskiej 3,Czas,25,16.5,31,Samochód
,,Dystans,7,7.4,8.1
488,Sternicza 97A,Czas,24,14,29,Samochód
,,Dystans,6.9,7,7.5
489,Krzywoń 4,Czas,25,16,30,Samochód
,,Dystans,7.3,7.6,8
490,Synów Pułku 5,Czas,26,16,29,Samochód
,,Dystans,6.9,7.1,7
491,Fortuny 33,Czas,23,19,53,Samochód
,,Dystans,7.1,7.4,10.7
492,Połczyńska 21B,Czas,21,14,27,Samochód
,,Dystans,6.1,6.3,6.9
493,Gen. Meriana C. Coopera 4A,Czas,31,20,39.5,Samochód
,,Dystans,9.1,9.7,9.8
494,Sochaczewska 26-28,Czas,30,16,44.5,Samochód
,,Dystans,8.5,8.7,9.45
495,Szeligowska 37-47,Czas,30,17,41,Samochód
,,Dystans,8.8,9,9.4
496,Mory 8A,Czas,31,18,40,Samochód
,,Dystans,9.1,9.7,9.9
497,Łęgi 1,Czas,28,18,41.5,Samochód
,,Dystans,8.3,8.5,8.65
498,Dostawcza,Czas,27,15.5,38,Samochód
,,Dystans,7.9,8,8.2
499,Gładka 14,Czas,29,14,35,Samochód
,,Dystans,8.6,6.7,6.8
500,Skrzydlata 49,Czas,28,16,37,Samochód
,,Dystans,8.7,9,7.2
501,Komitetu Obrony Robotników 48,Czas,28,15,41,Samochód
,,Dystans,8.2,7.8,8.2
502,Komitetu Obrony Robotników 45C,Czas,26,17,45,Samochód
,,Dystans,7.7,8.1,7.95
503,Maciejki 21,Czas,33,17,39,Samochód
,,Dystans,10,8.1,8.1
504,Żwirki i Wigury 1,Czas,47,14,67,Samochód
,,Dystans,14.7,8.7,13.5
505,Wirażowa 121A,Czas,25,13,34.5,Samochód
,,Dystans,6.9,7.3,7.2
506,Wirażowa 117,Czas,25,14,44,Samochód
,,Dystans,7.8,8.2,7.9
507,Paluch,Czas,31,17,51.5,Samochód
,,Dystans,9.7,10.1,13.5
508,Zbiorowa 25,Czas,42,19,55.5,Samochód
,,Dystans,12.5,13.3,10.85
509,Ogrodników 4,Czas,44,22,57,Samochód
,,Dystans,14.3,15.5,13
510,Załuski,Czas,39,21,57,Samochód
,,Dystans,11.9,10,10.5
511,Łopuszańska 38B,Czas,29,16,30,Samochód
,,Dystans,8.4,8.7,8.4
512,Hejnałowa 2B,Czas,29,15.5,38,Samochód
,,Dystans,7.9,6.6,6.7
513,Narożna 4,Czas,30,15,42,Samochód
,,Dystans,8.3,9.4,8.35
514,Krakowiaków 97,Czas,30,15.5,28,Samochód
,,Dystans,8.4,9.1,8.2
515,Krakowiaków 22,Czas,30,16,39,Samochód
,,Dystans,9,9.8,7.7
516,Jutrzenki 156,Czas,26,14.5,35,Samochód
,,Dystans,7.1,7.1,8.2
517,Aleje Jerozolimskie 217,Czas,31,14.5,37,Samochód
,,Dystans,8.8,8.7,9.15
518,Lechicka 10,Czas,28,14,34,Samochód
,,Dystans,8.1,6.2,6.4
519,Centrum Konferencyjne MON,Czas,23,13.5,37,Samochód
,,Dystans,6.6,7.1,7.2
520,Iłżecka 24,Czas,24,13.5,31,Samochód
,,Dystans,6.1,6.5,6.3
521,Daleszycka 4,Czas,34,17.5,39,Samochód
,,Dystans,9.6,9.6,9
522,Żegoty 3,Czas,33,17,38,Samochód
,,Dystans,9.3,8,8.2
523,Jutrzenki 6,Czas,35,17,50.5,Samochód
,,Dystans,10.1,9.9,11.4
524,Centralna 3-5,Czas,35,17.5,42,Samochód
,,Dystans,9.9,8.7,8.8
525,Andrzeja Struga 19,Czas,40,19.5,53,Samochód
,,Dystans,11.7,13.1,10.05
526,Krótka 5-7,Czas,37,18.5,51.5,Samochód
,,Dystans,10.8,10.5,9.75
527,Chrościckiego 129,Czas,29,17,42,Samochód
,,Dystans,8.5,8.6,9.2
528,Świetlana 9NA1,Czas,26,17,38,Samochód
,,Dystans,7.4,7.6,9.2
529,Fraszki 21-23,Czas,29,17.5,40,Samochód
,,Dystans,8.3,9.1,9.45
530,Rejonowa 34A,Czas,25,15.5,36.5,Samochód
,,Dystans,7.4,7.5,8.15
531,Mikołajska 23,Czas,29,14,29,Samochód
,,Dystans,7.8,7.8,7.9
532,Sklepowa 18A,Czas,29,17.5,32,Samochód
,,Dystans,8.3,8.8,9.2
533,Batalionu AK „Włochy” 20,Czas,30,17,34,Samochód
,,Dystans,8.9,9.25,9.9
534,Dukatowa 24,Czas,29,17,29,Samochód
,,Dystans,8.4,8.8,7.9
535,Aleje Jerozolimskie 192B,Czas,27,14.5,32,Samochód
,,Dystans,7.3,7.5,8.2
536,Dojazdowa 4,Czas,31,16.5,38.5,Samochód
,,Dystans,9.1,8.7,9.5
537,Przemysława 15C,Czas,37,19,49,Samochód
,,Dystans,10.9,10.9,11.6
538,ul. Traktorzystów,Czas,34,20.5,49,Samochód
,,Dystans,9.9,10.8,12.2
539,Ryżowa 78,Czas,36,17,36,Samochód
,,Dystans,10.4,10.7,10.6
540,Ryżowa 43,Czas,34,18,36,Samochód
,,Dystans,9.6,10.8,10.2
541,Żywiecka 13,Czas,37,14,37,Samochód
,,Dystans,10.3,9.5,10.9
542,Królów Polskich,Czas,38,21,55,Samochód
,,Dystans,11.3,12,13.85
543,Kazimierza Jagiellończyka 16,Czas,38,20,47.5,Samochód
,,Dystans,11.1,11.1,12.2
544,Zagłoby 23,Czas,40,22,47.5,Samochód
,,Dystans,11.6,12.3,13.05
545,Mariana Falskiego 20,Czas,38,20,47,Samochód
,,Dystans,10.8,10.9,12.35
546,Regulska 40-42,Czas,37,18.5,48.5,Samochód
,,Dystans,10.9,12.8,13.1
547,Prawnicza 24A,Czas,39,18,43,Samochód
,,Dystans,11.3,11.6,12.6
548,Regulska 78-80,Czas,40,19,51,Samochód
,,Dystans,11.9,13,13.3
549,Poczty Gdańskiej,Czas,32,16,41,Samochód
,,Dystans,9.2,11,10.5
550,Rakietników 29,Czas,35,19,41,Samochód
,,Dystans,10.1,12,11.3
551,Jacka i Agatki 1,Czas,35,18,42.5,Samochód
,,Dystans,10.2,11.2,11.2
552,Ursynów Północny,Czas,36,16,47,Samochód
,,Dystans,9.9,9.3,10
553,Ludwika Paszkiewicza 1,Czas,43,17,32,Samochód
,,Dystans,11.9,10.2,10.4
554,Wawrzyńca Surowieckiego,Czas,42,16,26,Samochód
,,Dystans,11.5,8.8,9.9
555,Symfonii 5,Czas,40,16,26,Samochód
,,Dystans,10.9,8.9,9.9
556,Elegijna 23,Czas,39,18,31,Samochód
,,Dystans,10.5,9.7,10.3
557,Cybisa 5,Czas,45,15,35.5,Samochód
,,Dystans,12.5,9.5,10.85
558,Stanisława Herbsta 2,Czas,42,16,28,Samochód
,,Dystans,11.7,10.2,10.7
559,Edwarda Dembowskiego 17,Czas,43,17,34,Samochód
,,Dystans,12.3,10.3,11.3
560, 7,Czas,40,21,29,Samochód
,,Dystans,11.3,11.5,10.9
561,Nowoursynowska 161/34,Czas,39,19,36,Samochód
,,Dystans,10.7,9.7,10.9
562,Arkadowa 11,Czas,36,16.5,36.5,Samochód
,,Dystans,9.8,8.4,10
563,Bekasów 33,Czas,49,16,40.5,Samochód
,,Dystans,13.7,10.2,11.8
564,Jastrzębia 33,Czas,47,19.5,42,Samochód
,,Dystans,13.4,11.5,11.8
565,Makolągwy 2,Czas,46,20,46,Samochód
,,Dystans,13.2,11.4,12.95
566,Alternatywy 4,Czas,49,19,42.5,Samochód
,,Dystans,14.1,11.5,12.95
567,Miklaszewskiego 14,Czas,45,18.5,36,Samochód
,,Dystans,12.8,11.3,12.3
568,Hawajska 13,Czas,44,18,34,Samochód
,,Dystans,12.5,11.1,12.1
569,Ciszewskiego 15,Czas,43,19.5,34,Samochód
,,Dystans,11.9,10.8,11.2
570,Polinezyjska 1,Czas,44,18,30,Samochód
,,Dystans,12.4,10.3,11.8
571,Ferdynanda Magellana 4,Czas,44,20.5,34,Samochód
,,Dystans,12,11.2,12.1
572,Czesława Przybylskiego 12,Czas,41,20,38,Samochód
,,Dystans,11.3,10.9,11.7
573,Arachidowa 4,Czas,43,20,43,Samochód
,,Dystans,12,11.4,12.1
574,Hirszfelda 16,Czas,46,20,37,Samochód
,,Dystans,13.2,11.7,12.4
575,Mieczysława Szczuki 2,Czas,46,21,35,Samochód
,,Dystans,13.1,11.1,12.2
576,Rodziny Ulmów 5,Czas,46,20,34,Samochód
,,Dystans,13,11,12.1
577,Marii Grzegorzewskiej 13,Czas,46,20,35,Samochód
,,Dystans,13,11.4,12.2
578,Na Uboczu 12,Czas,49,24.5,39,Samochód
,,Dystans,13.9,12.8,13.7
579,Meander 20,Czas,49,25,35,Samochód
,,Dystans,13.6,11.7,13.4
580,Lanciego 9L,Czas,49,21.5,34,Samochód
,,Dystans,13.8,12.5,13.4
581,Lasek Brzozowy 16,Czas,49,22,37,Samochód
,,Dystans,13.6,12.5,13.6
582,Pachnąca 27,Czas,45,21,43,Samochód
,,Dystans,12.8,12.2,14.1
583,Małej Łąki 72,Czas,51,26,37,Samochód
,,Dystans,14.5,14.3,13.6
584,Jana Żabińskiego 7,Czas,51,24,34,Samochód
,,Dystans,14.2,13.9,13.3
585,Henryka Raabego 7,Czas,52,24,35,Samochód
,,Dystans,14.6,13.65,13.4
586,Jana Rosoła 38,Czas,51,24,39,Samochód
,,Dystans,14.1,14.4,13.7
587,Plakatowa 5,Czas,53,24.5,38,Samochód
,,Dystans,14.9,14,14.7
588,Melchiora Wańkowicza 4A,Czas,52,25,38,Samochód
,,Dystans,14.9,14.1,14.6
589,Kazimierza Jeżewskiego 3,Czas,54,22.5,43.5,Samochód
,,Dystans,14.9,13.5,15.25
590,Jana Rosoła 22H,Czas,49,21,45,Samochód
,,Dystans,14.2,13.3,14.6
591,Petera Frasera 8,Czas,56,27,41,Samochód
,,Dystans,16,14.8,14.9
592,Na Przyzbie 7,Czas,54,25,35,Samochód
,,Dystans,15.3,14.5,14.4
593,Sępa-Szarzyńskiego 11,Czas,54,27.5,37,Samochód
,,Dystans,15.4,15,14.5
594,Kabacka 2,Czas,56,27.5,45,Samochód
,,Dystans,16.1,15.2,15.2
595,Gąsek 57,Czas,57,27,51,Samochód
,,Dystans,16.3,18.9,15.6
596,Kormoranów 5,Czas,52,19,48.5,Samochód
,,Dystans,15.1,11.5,13.9
597,Muchomora 5,Czas,63,31,64,Samochód
,,Dystans,18.4,21.6,17.5
598,Kabaty,Czas,61,27.5,65,Samochód
,,Dystans,18,15.2,16.8
599,Aleja Komisji Edukacji Narodowej 5,Czas,56,27.5,43,Samochód
,,Dystans,16,15.3,15.1
600,Jurajska,Czas,33,19.5,42,Samochód
,,Dystans,10,10.6,11.2
601,Hołubcowa 110,Czas,38,19.5,52,Samochód
,,Dystans,11.7,11.8,12.6
602,Wodzirejów 9B,Czas,48,17,47,Samochód
,,Dystans,13.5,10,11.7
603,Rumby 8,Czas,51,21,46.5,Samochód
,,Dystans,14.5,11,12.6
604,Hołubcowa 62,Czas,41,21,61.5,Samochód
,,Dystans,12.7,11.9,12.6
605,Jeziorki 93,Czas,55,19,46.5,Samochód
,,Dystans,15.7,12.1,13.7
606,Sporna 48,Czas,45,23,58.5,Samochód
,,Dystans,14,13.3,17.05
607,Trombity 27-29,Czas,62,25,63.5,Samochód
,,Dystans,18.2,15.4,17.95
608,Mariana Rejewskiego 13,Czas,57,21,47.5,Samochód
,,Dystans,16.3,12.8,14.6
609,Karmazynowa 1A,Czas,63,23,56,Samochód
,,Dystans,18.1,14.6,16.2
610,Pileckiego 112,Czas,49,19.5,43,Samochód
,,Dystans,14.1,11.8,13.3
611,Moczydłowska 63L,Czas,53,27,44,Samochód
,,Dystans,15.1,14.9,14.1
612,Gruchacza 24A,Czas,48,20.5,43,Samochód
,,Dystans,13.7,11.2,14.1
613,Piechoty Łanowej 30-32,Czas,42,18,48,Samochód
,,Dystans,11.3,11.8,11.5
614,Kobylańska 34,Czas,43,19,53.5,Samochód
,,Dystans,11.5,12.2,11.35
615,Wycieczka 20-22,Czas,46,21,49,Samochód
,,Dystans,12.4,13.4,11.8
616,Vogla 19,Czas,50,21.5,55,Samochód
,,Dystans,13.4,13.9,12.75
617,Jara 11,Czas,54,21,56,Samochód
,,Dystans,14.7,14.5,14.2
618,Syta 192,Czas,46,19,56.5,Samochód
,,Dystans,12.6,13,13.85
619,Sady Zawadowskie 9,Czas,55,25,64,Samochód
,,Dystans,14.9,15.9,14.15
620,Ruczaj 59,Czas,53,27,65,Samochód
,,Dystans,14.8,16.6,14.65
621,Wiechy 6,Czas,62,26,65,Samochód
,,Dystans,17.7,18.8,17.35
622,Bruzdowa 16A,Czas,59,27,59,Samochód
,,Dystans,16.5,17.6,17.1
623,Pigwy 20,Czas,39,21.5,47.5,Samochód
,,Dystans,10.7,9.8,10.1
624,Hlonda 10E,Czas,44,22,48,Samochód
,,Dystans,11.8,11.5,11.1
625,Radosna 6,Czas,37,17.5,39,Samochód
,,Dystans,9.8,11.3,9.6
626,Rumiana 94,Czas,39,18,44.5,Samochód
,,Dystans,10.4,11.6,9.7
627,Marconich 5,Czas,38,20,42,Samochód
,,Dystans,10.2,10.7,10.1
628,Urodzajna 6,Czas,41,19,44,Samochód
,,Dystans,11,11.8,10.6
629,Stanisława Kostki Potockiego 18,Czas,44,22,44,Samochód
,,Dystans,11.7,13.5,10.8
630,Sarmacka 5E,Czas,40,20.5,44,Samochód
,,Dystans,10.9,10.6,10.3
631,Adama Worobczuka 491,Czas,44,22,48,Samochód
,,Dystans,11.9,11.7,11.5
632,Kazachska 13,Czas,43,22,46,Samochód
,,Dystans,11.7,11.5,11.55
633,Adama Branickiego 1,Czas,44,23.5,46,Samochód
,,Dystans,12,11.8,11.3
634,Sarmacka 21,Czas,45,22,46,Samochód
,,Dystans,12.2,13.5,11.55
635,Pałacowa 16G,Czas,52,23.5,63,Samochód
,,Dystans,15.2,15.7,15.85
636,Wiedeńska,Czas,53,24,55,Samochód
,,Dystans,15.1,17,15.6
637,Potułkały 6,Czas,59,26,56,Samochód
,,Dystans,16.9,18,16.9
638,Rosochata 68,Czas,58,23.5,57.5,Samochód
,,Dystans,16.1,17.2,15.45
639,Stepowa 5,Czas,47,16.5,41,Samochód
,,Dystans,12.4,13.3,12.5
640,Barbórki 11NA3,Czas,44,17,41,Samochód
,,Dystans,11.6,12.3,10.7
641,Storczykowa 91-93,Czas,50,19.5,47,Samochód
,,Dystans,13.8,15.1,13.4
642,Potockich 27,Czas,49,16.5,45,Samochód
,,Dystans,13.8,14,12.9
643,Bronisława Czecha 8147,Czas,62,18.5,62,Samochód
,,Dystans,17.2,15.6,15.1
644,Henryka Łasaka,Czas,38,14.5,41,Samochód
,,Dystans,10,10.2,9.2
645,Spadowa 21,Czas,41,21,62.5,Samochód
,,Dystans,11.2,13.6,13.65
646,Jeziorowa 67W/15,Czas,45,18,50,Samochód
,,Dystans,11.7,13,13.8
647,Kombajnistów 21,Czas,47,17,48,Samochód
,,Dystans,12.7,12.9,14.6
648,Unnamed Road,Czas,43,23,63.5,Samochód
,,Dystans,11.6,14.3,14.4
649,Peonii 20/6,Czas,52,17.5,50,Samochód
,,Dystans,14.3,13.4,14.2
650,Zabłudowska 11A,Czas,54,20,60,Samochód
,,Dystans,14.9,14.9,17.2
651,Urocza 16NA8,Czas,49,18.5,41,Samochód
,,Dystans,13.7,14.3,12.3
652,Mielecka 3,Czas,49,18.5,45.5,Samochód
,,Dystans,13.6,13.3,14.55
653,Stradomska 35,Czas,53,19.5,46,Samochód
,,Dystans,14.7,15.2,14.6
654,Szoferska 32C,Czas,55,19.5,50,Samochód
,,Dystans,15.2,15.6,14.35
655,Włodzicka 12,Czas,54,22,49,Samochód
,,Dystans,15.3,15.6,15.9
656,aleja Dzieci Polskich 69F,Czas,62,25,63.5,Samochód
,,Dystans,17.7,17.7,17.85
657,Dzidka Warszawiaka 9,Czas,60,23.5,55,Samochód
,,Dystans,16.9,16.8,16.85
658,Mieczysława Pożaryskiego 28,Czas,57,24,48.5,Samochód
,,Dystans,15.5,16.2,16.3
659,Międzylesie,Czas,62,26.5,66.5,Samochód
,,Dystans,17.6,19.2,17.85
660,Mrówcza 37E,Czas,61,24,55,Samochód
,,Dystans,17.2,17.6,19
661,Klimatyczna 27-29,Czas,61,22,48,Samochód
,,Dystans,17.2,18.4,17.95
662,Sobierajska 8C,Czas,62,25,50,Samochód
,,Dystans,17.8,18.7,19
663,Kwitnącej Akacji 50-58,Czas,70,26,66,Samochód
,,Dystans,20.2,20.4,22.2
664,Zasadowa 49A,Czas,61,21.5,58.5,Samochód
,,Dystans,17.3,17.5,22.85
665,Rusałki,Czas,63,23,52.5,Samochód
,,Dystans,17.9,18.1,19.45
666,Radłowa 8,Czas,67,26,52,Samochód
,,Dystans,19.1,19.3,20.8
667,Małowiejska 23,Czas,68,24.5,58,Samochód
,,Dystans,19.8,19.8,22.5
668,Zapomniana 16,Czas,69,26,57.5,Samochód
,,Dystans,19.8,20.4,21.6
669,Wolna 15,Czas,69,26,55,Samochód
,,Dystans,20,20.2,22.2
670,Oliwkowa 16,Czas,73,27.5,57.5,Samochód
,,Dystans,21.3,21.4,23.05
671,Romantyczna 2G,Czas,52,19,53,Samochód
,,Dystans,14.7,15.2,15.9
672,Strzygłowska 50,Czas,57,19.5,55,Samochód
,,Dystans,16.1,15.9,16.6
673,Ogórkowa 4,Czas,62,24,66,Samochód
,,Dystans,18.2,18.4,19.7
674,Pelargonii 7,Czas,62,23,62,Samochód
,,Dystans,17.7,18.1,18.6
675,Wał Miedzeszyński 36C,Czas,66,24.5,68,Samochód
,,Dystans,18.8,19.1,20.75
676,Trakt Lubelski 255E,Czas,47,17,51,Samochód
,,Dystans,12.7,12.3,15.5
677,Papierowa 12,Czas,41,15,48,Samochód
,,Dystans,10.5,10.8,12.6
678,Podkowy 129,Czas,76,30.5,68.5,Samochód
,,Dystans,22.2,23.2,25.95
679,Rembertów,Czas,45,22,48,Samochód
,,Dystans,12.7,16.1,14
680,Chełmżyńska 214,Czas,46,22.5,51,Samochód
,,Dystans,13,16.4,14.2
681,Żołnierska,Czas,48,20,64,Samochód
,,Dystans,13.8,16.1,16.2
682,Józefa Szymańskiego 17-23,Czas,41,16.5,44.5,Samochód
,,Dystans,11.6,13.4,12.1
683,Chełmżyńska 143B,Czas,44,18.5,51.5,Samochód
,,Dystans,11.9,14.6,14
684,Żołnierska 17,Czas,49,21,43.5,Samochód
,,Dystans,13.4,16.1,13.7
685,Puszkarzy 31,Czas,55,26,48,Samochód
,,Dystans,15.9,18.4,15.4
686,Mokry Ług 73C,Czas,59,27,56,Samochód
,,Dystans,17.2,18.7,16.95
687,Orbity 4,Czas,49,23,46,Samochód
,,Dystans,13.8,16.6,14.65
688,Szafarzy 57,Czas,51,24,44,Samochód
,,Dystans,14.6,17.1,14.3
689,Czerwonych Beretów 124,Czas,54,24,46,Samochód
,,Dystans,15.3,17.4,14.7
690,Kościuszkowców 101,Czas,51,21.5,51,Samochód
,,Dystans,14.1,16.1,14.3
691,Działyńczyków 35,Czas,54,21.5,43.5,Samochód
,,Dystans,15.2,16.2,13.8
692,Rajgrodzka 5,Czas,30,17,27.5,Samochód
,,Dystans,7.5,7.5,8.05
693,Promienna 26,Czas,33,20,33.5,Samochód
,,Dystans,8.4,8.4,8.9
694,Rybieńska 21,Czas,28,17,29,Samochód
,,Dystans,7.3,6.9,7.35
695,Hutnicza 3,Czas,31,21.5,42,Samochód
,,Dystans,8.1,8.15,8.7
696,Janowiecka 13,Czas,41,20,45.5,Samochód
,,Dystans,10.7,10.7,11.55
697,Montwiłłowska 1,Czas,36,19,33,Samochód
,,Dystans,9.4,9.3,9.9
698,Piotra Bardowskiego 47,Czas,38,21.5,43.5,Samochód
,,Dystans,10.5,10.5,11.2
699,Potulicka 17,Czas,35,20.5,34,Samochód
,,Dystans,9.3,9.5,10.6
700,Tarnogórska 17NA9,Czas,33,18.5,34,Samochód
,,Dystans,8.5,8.5,9.3
701,gen. Leonarda Skierskiego,Czas,40,22,41,Samochód
,,Dystans,10.7,10.85,10.75
702,Staniewicka 14,Czas,29,15,31,Samochód
,,Dystans,7.8,7.9,7.8
703,Horodelska 17,Czas,28,15,31,Samochód
,,Dystans,7.6,7.6,8
704,Matki Teresy z Kalkuty 24528,Czas,30,17,35.5,Samochód
,,Dystans,8.3,9.2,8.35
705,Skrajna 14A,Czas,37,18,39,Samochód
,,Dystans,10.3,11,10.7
706,Niemeńska 30,Czas,35,18.5,35.5,Samochód
,,Dystans,9.7,9.7,10.2
707,Ludwika Kondratowicza 4C,Czas,36,19,35.5,Samochód
,,Dystans,10.1,11.9,10.1
708,Balkonowa 6A,Czas,35,20,32.5,Samochód
,,Dystans,9.5,10.2,9.5
709,Żuromińska 11,Czas,37,19,34.5,Samochód
,,Dystans,10.2,9.5,9.05
710,Zielone Zacisze 3,Czas,37,22,37.5,Samochód
,,Dystans,9.7,11,9.3
711,Ludwika Kondratowicza 8,Czas,39,20,36.5,Samochód
,,Dystans,10.8,10.3,9.65
712,Turmoncka 15,Czas,41,19,46.5,Samochód
,,Dystans,11.7,12.8,12.3
713,Suwalska 30-32,Czas,39,18,39.5,Samochód
,,Dystans,11,11.8,10.55
714,Aleksandra Kowalskiego 21,Czas,41,20,47.5,Samochód
,,Dystans,11.9,13,12.35
715,Malborska 8,Czas,40,20,36.5,Samochód
,,Dystans,11.2,10.3,9.65
716,Julianowska 26,Czas,33,17,32.5,Samochód
,,Dystans,9,9,9.5
717,Lusińska 35,Czas,31,17,28,Samochód
,,Dystans,7.9,8.4,8.15
718,Smoleńska 83,Czas,29,15.5,28.5,Samochód
,,Dystans,7.3,7.6,7.75
719,Aleksandra Gajkowicza 7,Czas,29,17,26,Samochód
,,Dystans,7.4,7.6,7.8
720,Myszkowska 9,Czas,27,15.5,24.5,Samochód
,,Dystans,6.7,6.9,7.2
721,Malborska 39,Czas,43,23.5,42,Samochód
,,Dystans,11.6,15.1,12.8
722,Głębocka 15,Czas,39,20,40,Samochód
,,Dystans,11.1,14.4,12.05
723,Wojskowa 5,Czas,34,19,32,Samochód
,,Dystans,8.6,8.6,9.4
724,św. Wincentego 90b,Czas,32,19.5,35.5,Samochód
,,Dystans,8.8,8.9,8.35
725,Gołębia 4-6,Czas,37,22,40.5,Samochód
,,Dystans,9.6,9.6,10.75
726,Kolejarska 24,Czas,37,21,31,Samochód
,,Dystans,9.6,9.5,9.9
727,Wieczorowa 11,Czas,34,19,34,Samochód
,,Dystans,8.6,8.6,9.3
728,Pospolita 20,Czas,35,19.5,29,Samochód
,,Dystans,9.1,9.1,9.8
729,Zygmunta Jórskiego 34,Czas,31,16.5,30,Samochód
,,Dystans,7.9,7.9,8.8
730,Łodygowa 48,Czas,39,26,43,Samochód
,,Dystans,10.2,10.1,11.5
731,Turmoncka 13,Czas,40,17,38,Samochód
,,Dystans,11.1,11.6,11.1
732,Przecławska 4,Czas,34,17,37,Samochód
,,Dystans,8.5,8.5,9
733,Nieświeska 51,Czas,34,20,39.5,Samochód
,,Dystans,9,9.7,9.6
734,Zabraniecka 8,Czas,35,20.5,40,Samochód
,,Dystans,9.4,9.2,9.8
735,Modlińska 15,Czas,34,15,40,Samochód
,,Dystans,9.2,9.45,10.75
736,Unnamed Road,Czas,38,20,52.5,Samochód
,,Dystans,10.4,10.8,10.7
737,Elektronowa 2e,Czas,37,18,41,Samochód
,,Dystans,10,9.6,10.05
738,Łopianowa,Czas,40,17,39,Samochód
,,Dystans,10.4,10.65,11.6
739,Żerań,Czas,46,19,52,Samochód
,,Dystans,12.1,12.4,15.5
740,Przaśna 18,Czas,43,17.5,43,Samochód
,,Dystans,12.8,11.8,13.65
741,Leliwitów 17,Czas,43,20,41.5,Samochód
,,Dystans,12.8,14.2,14.45
742,Unnamed Road,Czas,40,20.5,52,Samochód
,,Dystans,11.2,12.4,15.3
743,Marywilska 36,Czas,46,17.5,51,Samochód
,,Dystans,13,11.6,14.65
744,Marywilska 24,Czas,39,16.5,42.5,Samochód
,,Dystans,11.1,10.65,11.6
745,Daniszewska 27,Czas,46,19.5,48.5,Samochód
,,Dystans,13.1,12.5,12.3
746,Annopol 6A,Czas,42,18,41,Samochód
,,Dystans,11.8,11.7,11.4
747,Zabłocka 9,Czas,40,16.5,41,Samochód
,,Dystans,11,10.9,11.9
748,Juranda ze Spychowa 12,Czas,47,19,48,Samochód
,,Dystans,13.7,13.2,13.85
749,Toporczyków 11A,Czas,44,18,49,Samochód
,,Dystans,12.5,12,12.1
750,Marywilska 48A,Czas,48,18,46.5,Samochód
,,Dystans,12.6,12.5,13
751,Płytowa 11,Czas,51,19.5,46.5,Samochód
,,Dystans,13.3,13.5,13.7
752,Bruszewska 12NA4,Czas,55,22,50.5,Samochód
,,Dystans,14.8,15,15.6
753,Pancera 5,Czas,45,22,44,Samochód
,,Dystans,13.1,15.3,16.9
754,Antalla 5a,Czas,42,19.5,38,Samochód
,,Dystans,12.2,14.1,15.4
755,Pomorska 2,Czas,48,22,49,Samochód
,,Dystans,14.3,14.25,17.4
756,Milenijna 9,Czas,47,20.5,47,Samochód
,,Dystans,13.9,13.45,16.1
757,Anecińska 5-7,Czas,50,21,50,Samochód
,,Dystans,14.7,14.1,17.4
758,Kołacińska 38,Czas,48,20.5,49,Samochód
,,Dystans,14.2,13.4,14.25
759,Stągiewna 4,Czas,52,22,53,Samochód
,,Dystans,15.7,14.35,17.6
760,Uczniowska 22A,Czas,50,21.5,54,Samochód
,,Dystans,14.9,14,17.7
761,Łąkowa 33,Czas,56,25,64,Samochód
,,Dystans,17.1,16.2,19.9
762,Klasyków 36,Czas,54,20.5,44.5,Samochód
,,Dystans,16,15.4,17.95
763,Szamocin 26a,Czas,65,24,53.5,Samochód
,,Dystans,19.7,17.4,17.9
764,Płochocińska 93E,Czas,59,23,53.5,Samochód
,,Dystans,16,15.9,16.9
765,Leśny Potok 34A,Czas,67,26,66.5,Samochód
,,Dystans,19.8,18.9,20.65
766,Rossiniego 6,Czas,64,23,61.5,Samochód
,,Dystans,18.7,17.3,18.25
767,Ostródzka 281J,Czas,63,23,61,Samochód
,,Dystans,18.6,17.3,19.7
768,Małego Rycerza 41,Czas,55,21,53,Samochód
,,Dystans,16.1,15.9,15.8
769,Wyszkowska 57,Czas,57,24.5,65,Samochód
,,Dystans,15.6,17.1,18.1
770,Wojdyńska 15,Czas,63,26,73,Samochód
,,Dystans,18.4,19.5,19.3
771,Porannej Rosy 21,Czas,52,20,54,Samochód
,,Dystans,15.1,14.9,14.8
772,Piasta Kołodzieja 44A,Czas,48,19,51,Samochód
,,Dystans,13.8,13.6,13.8
773,Kartograficzna 53B,Czas,49,20,50,Samochód
,,Dystans,13.1,15.9,14
774,Chudoby 1B,Czas,53,22,47.5,Samochód
,,Dystans,14.3,15.8,15.35
775,Starej Gruszy 3A,Czas,43,18,42,Samochód
,,Dystans,12.3,13.3,13.2
776,Skarbka z Gór 134,Czas,46,21,45,Samochód
,,Dystans,13.2,14.9,15.8
777,Topolowa 16,Czas,49,23,52,Samochód
,,Dystans,14.7,15.7,17.6
778,Światowida 53E,Czas,47,21.5,42,Samochód
,,Dystans,14,15.7,16.7
779,Modlińska 285A,Czas,53,22,54,Samochód
,,Dystans,15.9,14.9,15.9
780,Leśnej Polanki 4W,Czas,52,24,59.5,Samochód
,,Dystans,15.8,15.85,19.1
781,Mikołaja Trąby 6-8,Czas,54,24.5,60,Samochód
,,Dystans,16.4,16.6,19.15
782,Przyrzecze 1P/9,Czas,58,26,71,Samochód
,,Dystans,17.7,17.8,20.7
783,Modlińska 326 C,Czas,56,23,57,Samochód
,,Dystans,16.9,16.1,17.1
784,Czeremchowa 22-24,Czas,54,23,63,Samochód
,,Dystans,16.2,15.25,18.65
785,Oczyszczalnia Czajka,Czas,58,26,61,Samochód
,,Dystans,17.8,17,21.6
786,Wąska 3,Czas,60,27,47,Samochód
,,Dystans,18.4,17.2,20.5
787,Dębowa 12,Czas,62,26,66,Samochód
,,Dystans,18.9,18.1,20.3
788,Dębowa 17,Czas,62,28,54,Samochód
,,Dystans,19.2,18.8,21
789,Widna 1E,Czas,62,25.5,71,Samochód
,,Dystans,19,17.8,21.7
790,Odkryta 56A,Czas,51,24.5,55,Samochód
,,Dystans,15.4,17.1,17.95
791,Wykrot 5,Czas,59,21.5,47.5,Samochód
,,Dystans,17.5,15.6,18.4
792,Lemiesz,Czas,53,21,58,Samochód
,,Dystans,14.8,14.3,19.25
793,Uzdowska 50,Czas,61,22.5,60,Samochód
,,Dystans,18.2,16.6,20.7
794,Jeżowa 12,Czas,53,19.5,59,Samochód
,,Dystans,14.7,14.1,16.8
795,Dobra 23-25,Czas,60,25.5,52,Samochód
,,Dystans,17.1,18.9,15.7
796,Władysława Raczkiewicza 56,Czas,65,23.5,46.5,Samochód
,,Dystans,18.9,20.7,18.75
797,Armii Krajowej 64,Czas,68,25.5,50.5,Samochód
,,Dystans,19.8,21.9,18.7
798,Władysława Raczkiewicza 89,Czas,71,25.5,66.5,Samochód
,,Dystans,20.5,20,19.2
799,Promienna 21-25,Czas,72,26.5,69.5,Samochód
,,Dystans,21.4,21,22
800,Torfowa 40,Czas,66,24.5,66.5,Samochód
,,Dystans,19.2,19.7,19.6
801,Marii Konopnickiej 33,Czas,97,35,84,Samochód
,,Dystans,29,29.3,27.7
802,05-074 Halinów,Czas,106,40,NA,Samochód
,,Dystans,32.5,31.7,NA
803,Orla,Czas,93,37,NA,Samochód
,,Dystans,27.5,30.1,NA
804,Szosa Mińska 62,Czas,93,31.5,97.5,Samochód
,,Dystans,28.3,27.9,29.95
805,Unnamed Road,Czas,77,47.5,87,Samochód
,,Dystans,23.9,34.2,25.1
806,Piaskowa 15A,Czas,50,28,68.5,Samochód
,,Dystans,14.2,14.7,14.8
807,Jastrzębia 3,Czas,89,36,84,Samochód
,,Dystans,28,27.7,37.6
808,Jana Matejki 11,Czas,68,29,68,Samochód
,,Dystans,20.9,19.9,21.1
809,Wąska 7,Czas,85,36.5,74,Samochód
,,Dystans,26.3,25.4,32.4
810,Grzybowa 13,Czas,80,32,69.5,Samochód
,,Dystans,23.8,24.2,26.3
811,Gen. Bema 45B,Czas,75,30,96,Samochód
,,Dystans,22,22.6,29.9
812,Unnamed Road,Czas,104,47.5,NA,Samochód
,,Dystans,31.7,36,NA
813,Nadarzyńska 38,Czas,67,29,51,Samochód
,,Dystans,19.6,26.3,20.8
814,Karola Olszewskiego 30-32,Czas,71,28,52,Samochód
,,Dystans,20.5,25.1,22.1
815,Księdza Marcina Załuskiego 58,Czas,74,29,67,Samochód
,,Dystans,21.6,26.1,22.6
816,Opacz 57,Czas,80,35,90,Samochód
,,Dystans,23.4,25.7,26
817,Żwirowa 9,Czas,84,37,88.5,Samochód
,,Dystans,24.8,27,25.75
818,Saneczkowa 33E,Czas,70,31,74.5,Samochód
,,Dystans,19.9,21,20.8
819,Wojewódzka 36,Czas,78,34.5,81,Samochód
,,Dystans,23.1,24.5,26.7
820,aleja Legionów 61,Czas,85,35,65,Samochód
,,Dystans,26.4,25.1,27.25
821,Jana III Sobieskiego 1915,Czas,80,32,69,Samochód
,,Dystans,24.6,23.3,26.65
822,Długa 37-39,Czas,78,33.5,61,Samochód
,,Dystans,24.2,24.7,27.3
823,Piotra Wysockiego 4,Czas,75,31,70,Samochód
,,Dystans,23,21.75,25.2
824,Władysława Reymonta 11NA3,Czas,79,32.5,48,Samochód
,,Dystans,24.4,23,26.1
825,Droga Zespołu Szkoły w Legionowie,Czas,83,34.5,61,Samochód
,,Dystans,26,24.7,27.8
826,Marii Świątkiewicz 39,Czas,90,25.5,76,Samochód
,,Dystans,28.9,25.9,24.4
827,Dobra 9,Czas,73,24,88,Samochód
,,Dystans,23.3,22.1,29.5
828,Tura,Czas,65,26.5,89,Samochód
,,Dystans,21.3,23.6,21
829,Sadowa 13,Czas,74,30,55,Samochód
,,Dystans,21.6,18,22.65
830,Szlak zielony,Czas,67,25.5,80,Samochód
,,Dystans,19.6,20.3,21.5
831,Grzybowa 8,Czas,51,24,58,Samochód
,,Dystans,14.8,17.3,16.2
832,Unnamed Road,Czas,68,30,102,Samochód
,,Dystans,19.9,21.8,22.3
833,Warszawska 81F,Czas,54,23.5,67,Samochód
,,Dystans,15.4,16.9,17.4
834,Wiślana 3D,Czas,59,26.5,86,Samochód
,,Dystans,17,18.9,19.1
835,DW629 213,Czas,61,25,64,Samochód
,,Dystans,17.5,20.9,17.8
836,Księdza Władysława Bandurskiego 43A,Czas,52,22,48,Samochód
,,Dystans,14.4,18.1,15.4
837,Wesoła 1,Czas,54,24,53.5,Samochód
,,Dystans,15.2,21.8,16.15
838,Tadeusza Wendy 6,Czas,68,26.5,76,Samochód
,,Dystans,19.9,21.2,20.65
839,3 Maja 20,Czas,44,19.5,62.5,Samochód
,,Dystans,12.7,12.7,13.25
840,Parkowa 24,Czas,59,20,81,Samochód
,,Dystans,17.1,17.5,24
841,Kapitana Stefana Pogonowskiego 35,Czas,91,30,133,Samochód
,,Dystans,27.7,31.3,36.7
842,Unnamed Road,Czas,86,41,93,Samochód
,,Dystans,27,25.2,26.3
843,Rakowa 19,Czas,105,39.5,110,Samochód
,,Dystans,32.3,33.3,34.9
844,Stefana Żeromskiego 57a,Czas,96,37.5,79.5,Samochód
,,Dystans,28.8,30,30.3
845,Gabriela Narutowicza 22,Czas,98,37.5,88,Samochód
,,Dystans,29.5,30.2,31.15
846,Piękna 2,Czas,89,32.5,67.5,Samochód
,,Dystans,26.3,26.7,27.9
847,Tysiąclecia 7,Czas,88,32.5,102,Samochód
,,Dystans,26.2,26.5,31.5
848,Agrestowa 27,Czas,81,27,85,Samochód
,,Dystans,25,27.9,21.9
849,Gmina Ożarów Mazowiecki,Czas,44,24.5,53,Samochód
,,Dystans,13.2,14.3,14.3
850,Mokra 19,Czas,49,22,63.5,Samochód
,,Dystans,14.9,18.4,17.1
851,Szkolna 23,Czas,50,24,54.5,Samochód
,,Dystans,14.9,19.1,16.5
852,DW873 65,Czas,93,34.5,100,Samochód
,,Dystans,28.2,24.3,28
853,Wierzbowa 2,Czas,89,33.5,104.5,Samochód
,,Dystans,29,31.3,32.2
854,Dźwiękowa 4,Czas,68,29,64.5,Samochód
,,Dystans,20,17.8,20.6
855,Bolesława Chrobrego 78,Czas,97,40,85,Samochód
,,Dystans,29.2,25.1,27.9
856,Albatrosów 8NA0,Czas,75,31,70,Samochód
,,Dystans,21.8,18.4,21.5
857,Energetyczna 8,Czas,73,28,65.5,Samochód
,,Dystans,21.2,17.7,19.35
858,Jana Matejki 13,Czas,85,34.5,79,Samochód
,,Dystans,24.9,25.5,27.1
859,Techniczna 4,Czas,75,30.5,66.5,Samochód
,,Dystans,22.2,19.1,21.6
860,Wschodnia 13,Czas,80,31,70,Samochód
,,Dystans,23.7,19.5,20.8
861,Marii Konopnickiej 32B,Czas,46,21,57.5,Samochód
,,Dystans,13.6,15.9,14.75
862,Józefa Bema 14,Czas,48,22.5,57,Samochód
,,Dystans,13.7,18.5,15.75
863,Księdza Hugona Kołłątaja 17,Czas,44,23,57.5,Samochód
,,Dystans,12.7,13.4,15.1
864,Przemysłowa 10,Czas,61,26.5,53,Samochód
,,Dystans,18.2,20.1,17.6
865,Szarych Szeregów,Czas,56,24.5,75,Samochód
,,Dystans,17,22.5,18.5
866,Morelowa 25,Czas,64,23.5,76,Samochód
,,Dystans,18.9,22.9,19.65
867,Sadowa 72,Czas,54,21.5,54,Samochód
,,Dystans,16.1,17.7,16.7
868,Pogodna 7,Czas,62,26.5,63,Samochód
,,Dystans,18.1,20.45,18.1
869,Helenowska 6,Czas,64,28,54,Samochód
,,Dystans,19.1,21,18.5
870,Mikołaja Kopernika 3,Czas,58,26,59,Samochód
,,Dystans,17,19.7,17.4
871,Pruszkowska 46,Czas,44,20,62,Samochód
,,Dystans,12.7,13.8,11.45
872,Środkowa 39,Czas,44,21,60.5,Samochód
,,Dystans,13.2,13.8,12.25
873,Oleńki 15,Czas,48,25,71.5,Samochód
,,Dystans,15.4,20.3,19.85
874,Aleja Krakowska 28,Czas,58,19,64,Samochód
,,Dystans,17.2,18.5,15.6
875,Unnamed Road,Czas,67,32,85,Samochód
,,Dystans,20.1,20.5,19.3
876,Willowa,Czas,44,18,66,Samochód
,,Dystans,12.9,11.9,12
877,gen. Wiktora Thomméego 12,Czas,56,24,77,Samochód
,,Dystans,16.1,15.7,15.4
878,Okuniewska 1,Czas,80,30,70,Samochód
,,Dystans,23.9,25.15,23.1
879,Czynu Społecznego 176NA84,Czas,80,27.5,57.5,Samochód
,,Dystans,23.9,22.9,22.1
880,Ulica Osiedlowa,Czas,88,30.5,83,Samochód
,,Dystans,26,25.7,24.8
881,Mazowiecka 3,Czas,106,38.5,76,Samochód
,,Dystans,32.4,34.3,32.2
882,Wolomin,Czas,84,33.5,68,Samochód
,,Dystans,24.4,35.5,24.5
883,100-lecia 189,Czas,92,31,77,Samochód
,,Dystans,27.2,35.4,29.25
884,Ręczajska 40,Czas,92,38.5,68,Samochód
,,Dystans,27.9,40.1,27.8
885,Kościelna 56,Czas,82,37,63,Samochód
,,Dystans,24.4,31.2,25
886,Spokojna 5-7,Czas,77,37,71,Samochód
,,Dystans,23,31,24.7
887,Piotra Wysockiego 7,Czas,77,34,64,Samochód
,,Dystans,22.7,29.6,23.4
888,Krymska,Czas,79,35.5,85,Samochód
,,Dystans,23.6,30.6,29.05
889,Rychlińskiego 1E,Czas,46,26,46.5,Samochód
,,Dystans,12.4,12.1,13.35
890,Skrajna 1-32,Czas,43,22,46,Samochód
,,Dystans,11.6,12.5,12.8
891,Westerplatte 4,Czas,44,23,39,Samochód
,,Dystans,11.5,12.2,11.95
892,Słoneczna 14NA6,Czas,47,25,41,Samochód
,,Dystans,13.1,13.4,13.6
893,Jasna 3-5,Czas,48,23.5,51,Samochód
,,Dystans,13.2,18.1,14.4
894,Tadeusza Kościuszki 4,Czas,57,21,41,Samochód
,,Dystans,15.9,20.4,16.95
895,05-220 Zielonka,Czas,75,36.5,NA,Samochód
,,Dystans,23.1,29.35,NA
